hom_count,illicit_resources,pop_slums,gini,corruption,pko_troops,pko_police,total_deaths,year,country_id
5913,1,45.834654379501146,49.07066660929718,0.3175589177140393,0,0,4016,1998,840
916,1,53.571729679211536,34.7977788722059,-0.15750372837494545,0,0,2117,2001,775
743,1,24.15337323784463,51.20571664497699,0.31767560723304933,0,0,2269,2004,775
791,1,40.951740785217034,32.30659183793584,-0.06125780990956051,0,0,2474,2008,775
1436,1,70.57993208185619,47.31312690689599,0.3081024793025928,0,0,2911,2012,775
1238,1,39.184886142431175,29.98901638839574,0.16217446017934153,0,0,2915,2013,775
1230,1,41,42.33010790621339,0.05505181530605957,0,0,2930,2014,775
1152,1,58.627598257997164,38.1,0.02212134191942361,0,0,2951,2015,775
1198,1,56.5999984741211,36.06561609322063,0.013878063435926763,0,0,2951,2016,775
5344,1,70.62043258169331,45.3,0.13824298886511727,0,0,215,1990,800
5586,1,46.40419086123498,42.01855945016184,-0.012229259846863794,0,0,215,1991,800
5959,1,50.877947178564604,47.9,0.1744723093361637,0,0,215,1992,800
5482,1,69.46529879906578,37.7101903720219,0.17187611580925655,0,0,215,1993,800
5006,1,42.95204990319634,43.5,0.27393500622891864,0,0,215,1994,800
4542,1,29.39342946134512,37.2332026274642,-0.020866793503019593,0,0,215,1995,800
4474,1,52.16075466529741,42.9,0.0719888720054156,0,0,215,1996,800
4787,1,16.163764456160017,40.08000419795279,0.18665762671385025,0,0,215,1997,800
5361,1,24.67712193796588,41.5,-0.12166457812310308,0,0,215,1998,800
5052,1,59.66304034319869,43.1,0.11429490892663656,0,0,215,1999,800
5142,1,60.841433037538096,42.8,0.2834325301719613,0,0,223,2000,800
5020,1,33.611894801341684,41.189309493875214,0.3364183328139305,0,0,226,2001,800
4538,1,47.270747074251865,41.9,-0.07776476092662807,0,0,226,2002,800
6434,1,48.42059133995178,39.25069629092609,0.15062100040062376,0,0,226,2003,800
4273,1,36.696389884197416,42.5,0.16181252987684663,0,0,226,2004,800
4806,1,26,45.075315257665935,0.4663345490686378,0,0,226,2005,800
4687,1,21.418239050257093,41.8,0.1704250999556982,0,0,226,2006,800
4435,1,25.528007159086695,39.8,0.21082066396689897,0,0,226,2007,800
3974,1,50.99005827014351,40.3,0.2158090034884338,0,0,226,2008,800
3703,1,49.771837233192954,39.6,0.32181387684714524,0,0,226,2009,800
3654,1,27,39.4,0.29376295339787234,0,0,233,2010,800
3307,1,37.56846200733153,37.5,0.1287870210620657,0,0,233,2011,800
3323,1,29.198150931658496,39.3,0.020565032809423706,0,0,233,2012,800
2894,1,66.41200196820657,37.8,0.34820383928466486,0,0,233,2013,800
2649,1,25,37,0.08841741312328873,0,0,233,2014,800
2387,1,45.82106520588679,36,-0.027834369782301416,0,0,233,2015,800
2229,1,24.6000003814697,36.9,0.09114969252526055,0,0,233,2016,800
1787,1,35.67927307220292,36.5,0.015885996565322996,0,0,233,2017,800
1198,0,56.5999984741211,42.58473023209137,0.6657744303075421,0,0,175,2016,775
1613,0,8.595930375806006,36.65121771013217,0.2422334232251013,0,0,69,1995,775
1041,0,62.806975298629965,28.746049888267578,0.48328427580999034,0,0,69,2000,775
916,0,35.31466139473063,36.94645593141051,0.3620653082251632,0,0,69,2001,775
814,0,12.613104770345902,38.180743100475475,0.6796935477897064,0,0,69,2002,775
764,0,44.12787799928332,34.13178277561142,0.4740467953695424,0,0,69,2003,775
743,0,23.937062715101284,35.441589345154576,0.39344248096657275,0,0,69,2004,775
676,0,45.5999984741211,34.56944352107992,0.5660885128859877,0,0,69,2005,775
777,0,31.120612062018672,38.632227580564305,0.47386374022739086,0,0,69,2006,775
749,0,25.67629782182945,35.22888617728086,0.45173062834444655,0,0,69,2007,775
791,0,36.98386408678587,37.497095096263664,0.451449145571696,0,0,69,2008,775
879,0,48.2135097167639,44.589586740873415,0.4507563132710066,0,0,69,2009,775
801,0,52.53178671218827,33.583636944760045,0.19223976462381911,0,0,69,2010,775
1055,0,43.14313195268564,25.1207409201706,0.46442838717424884,0,0,69,2011,775
1436,0,56.7534192404513,35.014668768731674,0.4433718687771405,0,0,70,2012,775
1238,0,46.23676860794205,32.60994125969489,0.3956170971548867,0,0,70,2013,775
1230,0,41,39.166889969412615,0.49231404195439066,0,0,72,2014,775
1152,0,56.50185645281848,38.1,0.3817304849992531,0,0,76,2015,775
1613,1,31.99971280615297,50.807913690130874,0.2645746731437031,0,0,82,1995,775
1041,1,57.318811665507525,36.96087124797019,0.07171890752282592,0,0,82,2000,775
916,1,33.00011478484881,36.10897731640225,0.08915437026232316,0,0,82,2001,775
814,1,38.96909372279979,26.47515777693905,0.12907887678351954,0,0,82,2002,775
764,1,32.33189459235197,40.18515260466655,0.16180777071332578,0,0,82,2003,775
743,1,9.90542260528056,35.54004250923447,0.2000164107729963,0,0,82,2004,775
676,1,45.5999984741211,33.5906642723608,0.1412376036107499,0,0,82,2005,775
777,1,55.17454047069683,41.268008816099375,0.18229596548196136,0,0,82,2006,775
749,1,56.63083847064419,30.796003550201824,0.16058140983129,0,0,82,2007,775
791,1,54.47005185673604,35.341499724860405,0.29665093908002654,0,0,82,2008,775
879,1,38.30178362242875,34.342455086803355,-0.26671061260021334,0,0,82,2009,775
801,1,23.822350024494703,42.74130342533413,0.030161737435639213,0,0,82,2010,775
1055,1,27.832434655583885,30.10579880722552,0.16358250702878482,0,0,82,2011,775
1436,1,61.17437079062046,30.96547587196461,0.2614581260274899,0,0,82,2012,775
1238,1,41.43786847979634,32.55431624025643,-0.013455671121456458,0,0,85,2013,775
1230,1,41,34.302085334999916,-0.24628604480577584,0,0,85,2014,775
1152,1,53.194185787818824,38.1,0.19250073778844434,0,0,85,2015,775
1198,1,56.5999984741211,36.78056240027397,0.11761721237541327,0,0,85,2016,775
46386,1,48.2000007629395,39.344149647676566,0.23673194170586717,0,0,653,1995,750
419,1,26.879474187163815,34.0931314338683,0.0945977606836146,0,0,191,2017,670
2046,1,30.391698176748328,35.69072822614577,-0.1953774335730498,0,0,190,1990,775
1613,1,87.54435069788173,35.12995182197357,0.18023857970565457,0,0,190,1995,775
1041,1,46.72267878067591,45.29250141495746,0.19375187473455607,0,0,190,2000,775
916,1,14.205724705861066,33.26919861266956,-0.05145737284071142,0,0,201,2001,775
814,1,55.32647821610923,37.17362572550726,0.2415884891510624,0,0,201,2002,775
764,1,62.442308964863855,31.68191636981995,-0.3414943200855165,0,0,201,2003,775
743,1,67.58623243837219,32.11675958520457,0.027649125506936684,0,0,201,2004,775
676,1,45.5999984741211,26.02028825047426,-0.04467923387637024,0,0,201,2005,775
777,1,56.092247436047934,42.80618422134851,0.06591753204234778,0,0,207,2006,775
749,1,28.797344864132633,48.04471900488352,0.2368794850991654,0,0,207,2007,775
791,1,3.1294180480189056,40.8086066853968,-0.13828954311850952,0,0,207,2008,775
879,1,27.25943740662489,34.39534043874994,-0.06265700970035842,0,0,207,2009,775
801,1,44.79299956001995,40.06065371921834,0.36266777050816107,0,0,207,2010,775
1198,1,56.5999984741211,39.7326104263969,0.2190449186638156,0,0,1453,2016,775
3619,1,48.30736603776781,47.11662034399049,0.664,0,0,437,1996,90
3998,1,30.119765437015403,43.23793524121425,0.651,0,195,437,1997,90
3310,1,50.62591336936744,49.903668412386466,0.635,0,0,437,1998,90
2655,1,54.33220486806508,47.3666412536712,0.635,0,173,437,1999,90
2904,1,48.0999984741211,54.2,0.613,0,517,437,2000,90
3230,1,60.87069026538847,46.595149237408826,0.613,0,113,437,2001,90
3631,1,52.58943382412328,41.26831277343549,0.593,0,90,437,2002,90
4237,1,67.89273355191388,46.12856925140373,0.593,0,0,437,2003,90
4507,1,46.39029106271079,52.5265504184323,0.593,0,0,437,2004,90
5338,1,42.9000015258789,54.05791733261902,0.564,0,0,437,2005,90
5885,1,43.93626405964734,54.6,0.564,0,0,437,2006,90
5781,1,46.47075928104485,50.23200694698771,0.564,0,0,437,2007,90
6292,1,69.43100383586673,45.83700148943903,0.564,0,0,437,2008,90
6498,1,26.21200794552879,36.86203503747023,0.564,0,0,437,2009,90
5960,1,38.7000007629395,39.81949784455564,0.564,0,0,437,2010,90
5681,1,55.148829220266876,44.621770469839426,0.541,0,0,437,2011,90
5155,1,38.38437904390554,52.66503602079754,0.536,0,0,437,2012,90
5253,1,39.136920389894286,46.95911357156494,0.536,0,0,437,2013,90
4998,1,38.7000007629395,48.3,0.536,0,0,437,2014,90
4778,1,52.44509150096941,45.20112603253463,0.542,0,0,437,2015,90
4520,1,31,40.25384206090451,0.498,0,0,437,2016,90
4410,1,25.97420247831761,42.5469626012823,0.436,0,0,437,2017,90
3881,1,31,37.628369034305905,0.436,0,0,437,2018,90
183,1,84.82588549333707,35.98883056333237,0.1882480423017438,149450,0,152,2008,660
145,1,68.98736778106881,29.338945303283786,-0.16509141734906543,147225,0,152,2009,660
163,1,74.00185168768533,34.67644721503603,0.0020473892221529177,141080,0,152,2010,660
168,1,55.55113811317664,31.8,0.04702198420249598,144641,0,152,2011,660
194,1,53.9652265339366,33.459452612429345,-0.02092458684869375,139971,0,152,2012,660
236,1,62.43600439081792,36.01891823270504,0.15335688525480284,129139,0,152,2013,660
240,1,53.0999984741211,40.11785704855987,0.09242454750296906,113330,0,152,2014,660
231,1,68.95934038754865,39.50759405742844,0.43919456111960353,125553,0,152,2015,660
235,1,56.000505118145185,31.24973803237867,0.14421299132034104,126859,0,152,2016,660
246,1,65.26446924768146,39.22314484580574,0.2974662775037473,116123,0,152,2017,660
171,1,61.0999984741211,24.932924324403984,-0.2830107129943439,125723,0,152,2018,660
156,1,57.56094925289072,38.1,-0.13165527591066203,0,0,324,1997,666
147,1,53.763647143045304,29.075726831457334,0.023396416147444615,0,0,329,1998,666
137,1,21.29293460196102,32.51939423348331,0.11108335347521464,0,0,331,1999,666
127,1,68.88172144323848,36.15428234134016,0.042705290552043224,0,0,3701,2013,666
110,1,96.699199232701,25.518537081816508,-0.09699451816338131,0,0,5966,2015,666
104,1,56.35950058208094,39,0.11520108089466553,0,0,5973,2016,666
123,1,32.75690598854985,47.486711702857335,0.14824050628896962,0,0,5996,2017,666
49292,1,34.94941004035244,38.59201614676493,0.41842803869499295,0,0,355,1998,750
47781,1,46.46900380804172,46.13871459929212,0.4091634185412848,0,0,357,1999,750
46420,1,59.098508829460755,38.309224376499536,0.2885499843609326,0,0,403,2001,750
45736,1,36.89164998771608,33.84473712900248,0.25751828208222477,0,0,414,2002,750
44331,1,22.19763580876439,36.45862214801148,0.2424100813716784,0,0,415,2003,750
46490,1,39.50935633522762,34.4,0.03948142026277163,0,0,415,2004,750
45095,1,34.7999992370605,38.58543982149642,0.24248085899622426,0,0,425,2005,750
44961,1,47.59217770270356,35.71130634456145,6.167364079162629e-4,0,0,427,2006,750
45362,1,19.330666207300197,46.35656712130704,0.2546332165557178,0,0,428,2007,750
45999,1,38.159671977954844,39.767242697778336,0.21230847785707058,0,0,428,2008,750
45824,1,60.497164118618485,35.4,0.2450791644089714,0,0,436,2009,750
46460,1,29.3999996185303,38.2098500645875,0.21458882062334853,0,0,437,2010,750
47640,1,36.04208179342697,35.7,0.37760618064228463,0,0,445,2011,750
47478,1,24.810676976284668,42.73551295331886,0.3914393654055507,0,0,451,2012,750
45878,1,6.706750042690921,45.35067176338771,0.23841535204723127,0,0,453,2013,750
47356,1,24,41.46562490991164,0.33404733868872516,0,0,467,2014,750
44373,1,18.285122382257164,40.23873027357321,0.47182709850776483,0,0,467,2015,750
42678,1,35.4000015258789,36.43536336298704,0.31791240692154216,0,0,470,2016,750
41832,1,12.555365449216701,38.92500788046214,0.2579918744881432,0,0,472,2017,750
41651,1,35.2000007629395,42.47385029862257,0.02707699414941428,0,0,477,2018,750
1613,1,46.05360692185731,35.17815683676903,-0.20964263522409485,0,0,425,1995,775
1041,1,22.449395072924673,30.595805324373735,0.01671874030562276,0,0,569,2000,775
916,1,44.61800283609867,34.83001303948584,0.2925383159263648,0,0,590,2001,775
814,1,46.971981049523436,32.52720391389321,0.08762244680957135,0,0,610,2002,775
764,1,31.883568342786283,28.253917177939677,-0.18765004441406022,0,0,615,2003,775
743,1,34.76436665944548,36.76348848509018,0.03671716927751753,0,0,637,2004,775
777,1,71.27564129530111,21.468339687652023,-0.4806060465188261,0,0,675,2006,775
749,1,22.651903192208238,29.822152670294894,-0.2291636113864479,0,0,689,2007,775
791,1,58.739160815518375,36.123579849746655,0.1809473111280024,0,0,689,2008,775
879,1,55.152358117888745,41.58686686122951,0.29756301762429677,0,0,689,2009,775
801,1,32.81836555652193,26.01555342628872,-0.08282921089595643,0,0,695,2010,775
1055,1,30.443204578578342,44.67834182907056,0.5167425457868413,0,0,695,2011,775
1436,1,34.78025356132602,40.409810650895224,-0.12267748818011717,0,0,710,2012,775
1238,1,27.25256774808737,40.706796877659635,0.18526825037911948,0,0,710,2013,775
1230,1,41,28.172316652315125,-0.03456688105355793,0,0,710,2014,775
1152,1,32.50477500358312,38.1,0.3762109565799751,0,0,710,2015,775
1198,1,56.5999984741211,39.10441056622931,-0.03210751559648667,0,0,710,2016,775
1118,1,19.369029485888113,35.788604621766034,0.1709015977892457,1501,0,64,1993,645
1267,1,59.757108085641306,38.17675074525916,0.09136238670942722,10756,0,66,1994,645
149,1,37.9000015258789,38.48899728158112,0.13318200685672751,11754,0,1780,2018,652
183,0,49.08227384343047,29.4313664753936,0.40748563647581604,149450,0,631,2008,660
145,0,32.88578593279148,38.20814187519638,0.38394478621104766,147225,0,631,2009,660
163,0,87.8875154432614,29.23602644193471,0.46975391890109863,141080,0,631,2010,660
168,0,91.7860402294501,31.8,0.6165950912045347,144641,0,631,2011,660
194,0,60.464546255545386,30.173672599202728,0.3275700468843955,139971,0,631,2012,660
236,0,73.8410198961547,29.723066457023034,0.38703371850843343,129139,0,631,2013,660
240,0,53.0999984741211,36.93127602678371,0.6768470225609831,113330,0,631,2014,660
231,0,94.91134083615681,42.8859330755289,0.7545790392085896,125553,0,631,2015,660
235,0,62.10110157568393,33.395301251171894,0.4574650829587973,126859,0,631,2016,660
246,0,63.11697957017208,37.46394978970233,0.4588186129142714,116123,0,631,2017,660
171,0,61.0999984741211,42.21228948212452,0.4829582091279587,125723,0,631,2018,660
1041,1,20.977804910194237,34.86823226538011,0.0803689691564708,0,0,909,2000,775
764,1,62.19101760975599,42.968771720930754,0.2184093660768832,0,0,1095,2003,775
743,1,17.14848455765059,31.188654115546427,-0.07928064253735576,0,0,1105,2004,775
749,1,58.578264970683804,33.59847125979804,-0.01310106480994444,0,0,1194,2007,775
879,1,39.72908276816777,34.53236322365699,0.022023945362408814,0,0,1246,2009,775
1436,1,48.19349296695217,31.528594019083275,0.00885269180234799,0,0,1387,2012,775
1230,1,41,33.55287648044656,-0.06966548381082224,0,0,1460,2014,775
1198,1,56.5999984741211,34.794938402718046,0.07701929983434083,0,0,1561,2016,775
8153,0,81.77150549931665,48.62331804182576,0.44017352820475397,0,0,40567,2012,530
841,1,62.34698120048064,31.272069057309988,-0.11388623424292557,0,9,7052,2007,790
892,1,42.31959065422105,39.141587418297874,0.13228112536377984,0,29,7052,2008,790
806,1,48.570283336772,48.18873996739033,0.4631024893815422,0,0,7057,2009,790
813,1,58.0999984741211,32.8,0.045144819180294976,0,0,7057,2010,790
679,1,47.88028512493177,50.50985130791182,0.24496720725416754,0,0,7057,2011,790
642,1,80.7437218574351,36.84542336402603,0.14106833687176124,0,0,7057,2012,790
606,1,62.82958592225617,40.000923508742055,-0.04405714141707934,0,0,7057,2013,790
558,1,54.2999992370605,36.595581849354545,0.08350023759961679,0,0,7057,2014,790
627,1,51,31.026249053968822,-0.010827143343010992,0,0,7057,2016,790
1397,0,49.22679388049865,39.28062704234441,0.7363672774831163,693,0,839,1992,645
1118,0,20.748352936611056,34.60539836914966,0.6991597481297745,1501,0,839,1993,645
1267,0,44.94664893688107,47.73929372394544,0.7775990817104745,10756,0,839,1994,645
4596,0,24.237193821538074,30.002648563812187,0.4648556656849733,2654,0,1395,2008,645
4452,0,13.545234781295772,43.247775253409756,0.5406462156298694,2654,0,1395,2008,645
144,0,42.31160956521324,26.505604553567508,0.3021962476648378,2654,0,1395,2008,645
2554,0,15.236030905403915,33.38996121287008,0.5605129607595407,2660,0,1395,2009,645
2458,0,55.69615517929955,38.612566690582234,0.46835159270003546,2660,0,1395,2009,645
96,0,27.10725243331298,31.529239588588318,0.33685434639177814,2660,0,1395,2009,645
2691,0,52.7999992370605,39.913679570892,0.5964747387408064,2653,0,1395,2010,645
2553,0,52.7999992370605,30.756266119502328,0.4841100074367438,2653,0,1395,2010,645
138,0,52.7999992370605,34.602560934004536,0.7304798494723926,2653,0,1395,2010,645
2634,0,45.223119533556314,45.021683378480056,0.8073230616040372,3104,0,1395,2011,645
2518,0,50.23034036774699,35.83859938313861,0.5123386838190056,3104,0,1395,2011,645
116,0,55.58341731603371,33.455385556146844,0.45517569964881577,3104,0,1395,2011,645
2697,0,50.721656851298974,29.5,0.39920654272067957,4220,20,1395,2012,645
2594,0,32.39571097733654,29.5,0.46297567817408913,4220,20,1395,2012,645
103,0,75.12099079096217,29.5,0.4873503293255199,4220,20,1395,2012,645
3339,0,46.17738367501542,44.408959491265165,0.7667586854664694,3159,30,1395,2013,645
3228,0,6.217720150102018,38.57516817491005,0.4520057832763017,3159,30,1395,2013,645
111,0,25.713794626365594,38.211513241648404,0.5793054693395113,3159,30,1395,2013,645
3029,0,47.2000007629395,27.685492289370483,0.17667637814091028,2915,30,1395,2014,645
8153,0,115.98212525434562,58.66982220158381,0.45439977939582465,0,0,43327,2012,530
376,1,46.38133828526905,34.444825326403404,-0.003714413156730434,0,127,6997,2009,516
347,1,23.881833662738327,34.00310442087394,-0.001164562789272544,0,95,6997,2010,516
349,1,46.47639536016114,39.62319826104195,0.07350712220133093,0,0,6997,2011,516
500,1,48.81038767271479,34.03389983694579,0.16120076390864896,0,10,6997,2012,516
520,1,49.86399733525336,38.6,-0.06886860779412532,0,0,6997,2013,516
635,1,48.5999984741211,32.86330733362098,-0.09137383832120174,0,0,7248,2016,516
1511,1,61.79422649092395,38.14138114873359,0.07883762032307172,105567,9682,30,2007,625
1702,1,101.88467148015152,24.716572855458132,0.32742903485116137,204533,31712,30,2008,625
12237,1,50.25802753167085,49.7,0.762,0,220,20106,2017,100
1617,1,62.90637046429238,44.7,0.165,0,0,5821,2011,135
1968,1,45.169953541304814,44.4,0.165,0,0,5821,2012,135
2013,1,62.89701621623513,43.9,0.165,0,0,5824,2013,135
2076,1,34.2000007629395,43.1,0.165,0,0,5830,2014,135
2247,1,53.97363556287853,43.4,0.165,0,0,5839,2015,135
2435,1,33.7999992370605,43.6,0.099,0,0,5849,2016,135
2487,1,53.77626931025236,43.3,0.121,0,0,5856,2017,135
269,1,16.501229629002186,35.26925171329723,0.038463972809543306,0,0,965,2015,471
276,1,35.7999992370605,39.891167744149854,0.2346186647534064,0,0,965,2016,471
341,1,16.0493072006538,38.31847717212109,0.055251349377041126,0,0,965,2017,471
429,1,76.19038856980181,33.23120928697461,0.3076785566971395,74594,15223,545,1992,811
793,1,19.450256034108563,27.591828873305033,-0.14506399028624503,0,0,1578,1998,811
581,1,68.4564481476066,42.0937117864673,0.23774211522728342,0,0,1578,1999,811
571,1,34.729940827660194,30.89004861367011,-0.04516414951804504,0,0,1578,2000,811
407,1,13.20550561541333,34.06390594831684,-0.026903073858196236,0,0,1578,2001,811
425,1,32.01092472857921,39.93606290166656,0.14254273819134056,0,0,1578,2002,811
509,1,38.81052787557202,35.398626773289344,0.018156389061494943,0,0,1578,2003,811
511,1,43.40264131396526,39.09821443194151,0.19579305699312655,0,0,1578,2004,811
448,1,78.9000015258789,33.60444482595529,-0.09144734575905314,0,0,1578,2005,811
400,1,34.42309607479426,28.701208266742025,-0.013308293320919068,0,0,1578,2006,811
393,1,59.15399164289301,28.835441187107175,-0.04007681693631224,0,0,1578,2007,811
333,1,15.936281540183007,41.404134552395874,-0.15138654422026335,0,0,1578,2008,811
331,1,52.13566814523257,44.51376361421267,0.20143835086854703,0,0,1578,2009,811
331,1,82.77064808078423,38.434984647057604,0.044420163296347764,0,0,1578,2010,811
268,1,52.40152917282381,42.699393134993855,0.07470434188965278,0,0,1578,2011,811
8707,1,11.630399694024817,39.173524186543055,0.38098919862805247,0,0,219,1991,840
8293,1,36.544613623021064,35.60610529441786,0.3380053574184041,0,0,219,1992,840
1614,0,21.06922914508813,35.4,0.4918500636101085,0,0,446,1995,780
1775,0,46.39470854083254,35.09743725389255,0.578822388628573,0,0,446,1996,780
1851,0,100.97753900431242,30.820363992178667,0.34410092002227255,0,0,446,1997,780
1919,0,0.4165715069645941,37.38463235265122,0.5753685399822261,0,0,446,1999,780
1310,0,35.42549422813606,47.621279684507314,0.5423509046153842,0,0,446,2003,780
1377,0,31.4497150758459,45.02941727632408,0.8697858228957538,0,0,446,2004,780
1219,0,38.27556391958979,38.35199370620279,0.5115786810108811,0,0,446,2005,780
2044,0,27.165959350328983,39.7,0.4686686318852096,0,0,446,2006,780
2002,0,36.428206582294706,36.09068717644434,0.6718742333300926,0,0,446,2008,780
1099,0,17.546084563900546,36.1,0.3705026096641263,0,0,446,2009,780
763,0,31.363888118338494,44.06233186472434,0.6631416841590051,0,0,446,2010,780
732,0,22.013294479513412,34.34039960663442,0.43418426370717955,0,0,446,2011,780
676,0,56.340505347179715,38.7,0.3720530216348787,0,0,446,2012,780
619,0,62.62049183265823,31.17260275053504,0.3275020604339531,0,0,446,2013,780
553,0,39.27432873570109,34.4023012330381,0.5135615281014654,0,0,446,2014,780
487,0,45.23834521012985,27.50973913210699,0.36177336126367365,0,0,446,2015,780
530,0,40.20643509212021,39.3,0.36275470334807536,0,0,446,2016,780
486,0,44.624845135396676,30.735351507341417,0.6463279163605103,0,0,446,2017,780
514,0,32.23972909713781,37.35512405489876,0.5199719036005989,0,0,446,2018,780
913,1,97.5,25.369936453296752,0.2060721051503713,121567,22307,159,2016,482
2793,1,48.71958898827725,42.29446616270856,0.1840577043999754,0,0,9806,2008,500
3233,1,39.04624324692318,44.2,0.18304238757108543,0,0,9806,2009,500
3160,1,60.0999984741211,43.92098147842965,0.031311148861842164,0,0,9806,2010,500
3753,1,63.60247766535688,45.62124458751244,0.4137430264706844,0,0,9806,2011,500
4066,1,26.359366638139726,41,-0.04395729177844049,0,0,9806,2012,500
3857,1,62.62992295708675,39.35647053131886,-0.0717449743852068,0,0,9806,2013,500
4473,1,53.5999984741211,40.15939886069522,0.09250242929043193,0,0,9806,2014,500
4482,1,47.5,42.8,0.20438925659111792,0,0,9806,2016,500
4735,1,58.66667072175185,36.6885583964955,0.2611135028664789,0,0,9806,2017,500
4497,1,48.2999992370605,42.388913023578496,0.17966227930781778,0,0,9806,2018,500
1511,1,72.70847220636057,32.331802370587425,0.08432723893169003,105567,9682,1010,2007,625
1702,1,135.60313127643317,20.69157881865191,0.5459296248001233,204533,31712,1031,2008,625
651,1,65.34916247420523,27.26240984611198,0.008,0,0,312,1992,200
651,1,25.9528382825397,31.912144967768324,0.008,0,0,329,1992,200
651,1,25.82634939643419,33.25937762626174,0.008,0,0,346,1992,200
651,1,55.637833937970676,35.39628058458465,0.008,0,0,363,1992,200
108,1,26.446700090988067,35.90684783480482,0.008,0,0,312,1992,200
108,1,64.81109470353587,26.52319752350575,0.008,0,0,329,1992,200
108,1,39.733801186686016,34.62872539582589,0.008,0,0,346,1992,200
108,1,84.48451067066375,34.90660696856367,0.008,0,0,363,1992,200
110,1,17.277236077661975,38.153380857261396,0.008,0,0,312,1992,200
110,1,47.51690891022789,36.29839591002551,0.008,0,0,329,1992,200
110,1,20.86538493600928,27.605457085963838,0.008,0,0,346,1992,200
110,1,57.9997675528626,29.29806257977087,0.008,0,0,363,1992,200
869,1,54.97021038250804,32.599750045341196,0.008,0,0,312,1992,200
869,1,55.80308969715583,45.98279753225654,0.008,0,0,329,1992,200
869,1,23.595148653709813,35.240152899172145,0.008,0,0,346,1992,200
869,1,15.126263078730968,39.94601009666344,0.008,0,0,363,1992,200
670,1,40.75531329470067,47.135120533219165,0.008,0,0,378,1993,200
670,1,37.35543233944922,31.25760176902942,0.008,0,0,393,1993,200
670,1,18.00387324239172,41.40773920965098,0.008,0,0,408,1993,200
670,1,40.75904180311037,39.29506563422042,0.008,0,0,423,1993,200
101,1,33.98007589040084,29.400116175279802,0.008,0,0,378,1993,200
101,1,33.86292046965511,34.51652497619911,0.008,0,0,393,1993,200
101,1,37.07252903440654,37.98992659731027,0.008,0,0,408,1993,200
101,1,56.17568963493463,34.12614543313806,0.008,0,0,423,1993,200
114,1,35.030813738448046,32.18546933674912,0.008,0,0,378,1993,200
114,1,33.822879656328546,34.919512871592715,0.008,0,0,393,1993,200
114,1,41.82207933359981,35.784711266787475,0.008,0,0,408,1993,200
114,1,79.64456964328059,38.589459491680586,0.008,0,0,423,1993,200
885,1,71.57275166606175,36.7841453868786,0.008,0,0,378,1993,200
885,1,73.95850092713044,32.64856300418375,0.008,0,0,393,1993,200
885,1,64.69757250625295,38.57971880656677,0.008,0,0,408,1993,200
885,1,71.67482994094011,34.60049273946702,0.008,0,0,423,1993,200
727,1,28.338896113859683,36.1,0.008,0,0,429,1994,200
727,1,54.927189012205375,36.1,0.008,0,0,435,1994,200
727,1,58.13846514389708,36.1,0.008,0,0,441,1994,200
727,1,66.45849470408672,36.1,0.008,0,0,447,1994,200
83,1,47.63977383389974,36.1,0.008,0,0,429,1994,200
83,1,45.405916341701314,36.1,0.008,0,0,435,1994,200
83,1,34.4815736592364,36.1,0.008,0,0,441,1994,200
83,1,48.14971099025603,36.1,0.008,0,0,447,1994,200
109,1,73.3069664519378,36.1,0.008,0,0,429,1994,200
109,1,43.02881971492875,36.1,0.008,0,0,435,1994,200
109,1,42.88234008459716,36.1,0.008,0,0,441,1994,200
109,1,32.519669341706035,36.1,0.008,0,0,447,1994,200
919,1,46.20869291717238,36.1,0.008,0,0,429,1994,200
919,1,57.060761700629975,36.1,0.008,0,0,435,1994,200
919,1,38.639065575934914,36.1,0.008,0,0,441,1994,200
919,1,39.04561741726592,36.1,0.008,0,0,447,1994,200
753,1,30.401334855162574,36.3,0.008,0,0,447,1995,200
22,1,60.874694687007604,36.3,0.008,0,0,447,1995,200
125,1,11.086859365192662,36.3,0.008,0,0,447,1995,200
900,1,53.94936390096379,36.3,0.008,0,0,447,1995,200
679,1,40.59555513742147,37.77346302761041,0.008,0,0,449,1996,200
679,1,30.88846153068696,34.19622529775591,0.008,0,0,451,1996,200
679,1,31.902400258941853,39.37729739466314,0.008,0,0,453,1996,200
679,1,53.32226326955727,36.07970376297617,0.008,0,0,455,1996,200
35,1,45.20909357909097,31.698235435077688,0.008,0,0,449,1996,200
35,1,39.693585165533236,35.46660958307478,0.008,0,0,451,1996,200
35,1,43.80810047851867,30.273007866196963,0.008,0,0,453,1996,200
35,1,29.391560015991725,42.768888235568724,0.008,0,0,455,1996,200
126,1,49.574004398501316,35.70882606119998,0.008,0,0,449,1996,200
126,1,46.08642683479096,37.26573634436369,0.008,0,0,451,1996,200
126,1,68.20247472240906,30.24736158511601,0.008,0,0,453,1996,200
126,1,25.385904397467463,24.500776770330585,0.008,0,0,455,1996,200
840,1,48.29328952109959,36.171497642811374,0.008,0,0,449,1996,200
840,1,56.328049181255565,37.57823151951975,0.008,0,0,451,1996,200
840,1,42.96884231217576,36.58766555016148,0.008,0,0,453,1996,200
840,1,53.424124764225844,27.48848377056111,0.008,0,0,455,1996,200
739,1,44.68776516225574,41.911358313767316,0.008,0,0,458,1997,200
739,1,50.04970022137974,33.870246035641884,0.008,0,0,461,1997,200
739,1,80.95270882117967,34.259229893102,0.008,0,0,464,1997,200
739,1,65.40898880176002,34.68732457516582,0.008,0,0,467,1997,200
40,1,10.828336708086937,42.01237997113226,0.008,0,0,458,1997,200
40,1,30.33558217717394,32.46375195303012,0.008,0,0,461,1997,200
40,1,32.571422421485806,34.211742482818394,0.008,0,0,464,1997,200
40,1,48.114088358163734,36.08430952824578,0.008,0,0,467,1997,200
86,1,34.38394197656484,35.046581513000604,0.008,0,0,458,1997,200
86,1,17.756494197006408,33.195205664047776,0.008,0,0,461,1997,200
86,1,27.95872804130302,33.85201106249704,0.008,0,0,464,1997,200
86,1,46.55205732087198,37.3997022316423,0.008,0,0,467,1997,200
865,1,4.588598485166763,38.111031422139426,0.008,0,0,458,1997,200
865,1,36.57073952706369,33.26532770655258,0.008,0,0,461,1997,200
865,1,38.03914707826823,37.320497309506514,0.008,0,0,464,1997,200
865,1,53.05725161858696,30.7975448952934,0.008,0,0,467,1997,200
750,1,32.164540562138384,32.01326109106143,0.008,0,0,496,1998,200
750,1,24.33050683425254,38.32018173605162,0.008,0,0,525,1998,200
750,1,6.45435888994092,39.85924835566842,0.008,0,0,554,1998,200
750,1,55.112642148769794,37.81654885329661,0.008,0,0,583,1998,200
75,1,28.89888545845067,33.431636555311016,0.008,0,0,496,1998,200
75,1,55.33935600981048,31.752197728268534,0.008,0,0,525,1998,200
75,1,52.820923831323455,36.41981201554561,0.008,0,0,554,1998,200
75,1,-17.527328245630706,34.42405414022813,0.008,0,0,583,1998,200
96,1,-5.674602633761701,33.07858230879069,0.008,0,0,496,1998,200
96,1,39.52616977127237,36.7981586677065,0.008,0,0,525,1998,200
96,1,52.1796112114492,36.46809503993613,0.008,0,0,554,1998,200
96,1,64.4599334081238,36.15899551265398,0.008,0,0,583,1998,200
921,1,27.006032684137978,39.93802509114622,0.008,0,0,496,1998,200
921,1,42.82139646817207,33.285724013536,0.008,0,0,525,1998,200
921,1,51.66987412378976,29.815041986327415,0.008,0,0,554,1998,200
921,1,34.99302456542601,34.7377316701061,0.008,0,0,583,1998,200
766,1,17.79237797364121,37,0.008,0,0,583,1999,200
34,1,38.10892578316068,37,0.008,0,0,583,1999,200
120,1,50.32555797441299,37,0.008,0,0,583,1999,200
920,1,31.320499952603562,37,0.008,0,0,583,1999,200
764,1,36.6346591256257,38.4,0.008,0,0,583,2000,200
45,1,35.44464218165341,38.4,0.008,0,0,583,2000,200
106,1,74.62661954836514,38.4,0.008,0,0,583,2000,200
915,1,20.999990325666612,38.4,0.008,0,0,583,2000,200
793,1,35.01753599182746,37.3,0.008,0,0,583,2001,200
57,1,51.0568197796044,37.3,0.008,0,0,583,2001,200
116,1,26.679131178200223,37.3,0.008,0,0,583,2001,200
966,1,42.12990300867206,37.3,0.008,0,0,583,2001,200
944,1,27.159648319527104,35.1,0.008,0,0,583,2002,200
38,1,57.745270799369614,35.1,0.008,0,0,583,2002,200
125,1,72.28205213829098,35.1,0.008,0,0,583,2002,200
1107,1,43.6071350208446,35.1,0.008,0,0,583,2002,200
775,1,44.47347290719656,35.1,0.008,0,0,583,2003,200
42,1,55.55290758996646,35.1,0.008,0,0,583,2003,200
109,1,39.70760760525102,35.1,0.008,0,0,583,2003,200
926,1,59.244224857994666,35.1,0.008,0,0,583,2003,200
779,1,36.264395136269364,36,0.008,0,0,583,2004,200
34,1,66.00220170500637,36,0.008,0,0,583,2004,200
137,1,28.49227493177756,36,0.008,0,0,583,2004,200
950,1,41.63965450939656,36,0.008,0,0,583,2004,200
708,1,37.47526705167058,34.3,0.008,0,0,583,2005,200
31,1,60.21560483151125,34.3,0.008,0,0,583,2005,200
95,1,41.341184515343954,34.3,0.008,0,0,583,2005,200
834,1,45.066120042009814,34.3,0.008,0,0,583,2005,200
710,1,34.8311528246766,34.6,0.008,0,0,583,2006,200
30,1,27.014875548089318,34.6,0.008,0,0,583,2006,200
120,1,81.06594495343244,34.6,0.008,0,0,583,2006,200
860,1,62.418555177385734,34.6,0.008,0,0,583,2006,200
729,1,40.337017556207236,35.7,0.008,0,0,583,2007,200
29,1,49.89756785398865,35.7,0.008,0,0,583,2007,200
115,1,31.266916827841893,35.7,0.008,0,0,583,2007,200
873,1,45.492299210496306,35.7,0.008,0,0,583,2007,200
639,1,57.995330498277426,34.1,0.008,0,0,583,2008,200
24,1,57.911308279728544,34.1,0.008,0,0,583,2008,200
99,1,54.197876593854716,34.1,0.008,0,0,583,2008,200
762,1,14.923630307241158,34.1,0.008,0,0,583,2008,200
595,1,68.05999974458139,34.3,0.008,0,0,585,2009,200
595,1,36.496505635870896,34.3,0.008,0,0,587,2009,200
595,1,45.06310299960852,34.3,0.008,0,0,589,2009,200
595,1,47.82987787484798,34.3,0.008,0,0,591,2009,200
29,1,67.13267711585172,34.3,0.008,0,0,585,2009,200
29,1,54.5603288438363,34.3,0.008,0,0,587,2009,200
29,1,59.51053371472473,34.3,0.008,0,0,589,2009,200
29,1,73.80449598838536,34.3,0.008,0,0,591,2009,200
82,1,40.22742592291056,34.3,0.008,0,0,585,2009,200
82,1,26.407107967463986,34.3,0.008,0,0,587,2009,200
82,1,45.743945037555186,34.3,0.008,0,0,589,2009,200
82,1,48.21985610937611,34.3,0.008,0,0,591,2009,200
706,1,10.923083320027885,34.3,0.008,0,0,585,2009,200
706,1,61.97924101910334,34.3,0.008,0,0,587,2009,200
706,1,40.65484938675964,34.3,0.008,0,0,589,2009,200
706,1,50.633444373965425,34.3,0.008,0,0,591,2009,200
633,1,35.24441493363511,34.4,0.008,0,0,591,2010,200
23,1,26.98041108376657,34.4,0.008,0,0,591,2010,200
100,1,39.75250734173478,34.4,0.008,0,0,591,2010,200
756,1,51.65613732023262,34.4,0.008,0,0,591,2010,200
526,1,32.8564543139014,33.2,0.008,0,0,592,2011,200
526,1,51.18651456532834,33.2,0.008,0,0,593,2011,200
526,1,34.999669530150896,33.2,0.008,0,0,594,2011,200
526,1,27.460713061107576,33.2,0.008,0,0,595,2011,200
22,1,53.4451003206597,33.2,0.008,0,0,592,2011,200
22,1,62.80683294688949,33.2,0.008,0,0,593,2011,200
22,1,41.95280430056293,33.2,0.008,0,0,594,2011,200
22,1,37.07394801196213,33.2,0.008,0,0,595,2011,200
93,1,24.728999175728184,33.2,0.008,0,0,592,2011,200
93,1,50.25786599437312,33.2,0.008,0,0,593,2011,200
93,1,62.64815006638409,33.2,0.008,0,0,594,2011,200
93,1,26.270016666006295,33.2,0.008,0,0,595,2011,200
641,1,44.98765154752691,33.2,0.008,0,0,592,2011,200
641,1,14.603929073009049,33.2,0.008,0,0,593,2011,200
641,1,66.31788015199616,33.2,0.008,0,0,594,2011,200
641,1,39.996313168703885,33.2,0.008,0,0,595,2011,200
543,1,62.386515942223156,32.3,0.008,0,0,595,2012,200
21,1,51.167221149515854,32.3,0.008,0,0,595,2012,200
63,1,64.54937132625355,32.3,0.008,0,0,595,2012,200
627,1,40.585341422760656,32.3,0.008,0,0,595,2012,200
521,1,26.80822382479718,33.2,0.008,0,0,595,2013,200
20,1,26.879568142314444,33.2,0.008,0,0,595,2013,200
62,1,56.99176916354373,33.2,0.008,0,0,595,2013,200
603,1,57.318446561550665,33.2,0.008,0,0,595,2013,200
510,1,32.216632662247456,34,0.008,0,0,595,2014,200
17,1,42.05021756178837,34,0.008,0,0,595,2014,200
62,1,45.34586939479371,34,0.008,0,0,595,2014,200
589,1,75.23125915239444,34,0.008,0,0,595,2014,200
570,1,47.462386235969824,33.2,0.008,0,0,595,2015,200
23,1,53.68359930544091,33.2,0.008,0,0,595,2015,200
59,1,34.450473060755755,33.2,0.008,0,0,595,2015,200
652,1,44.47234054621049,33.2,0.008,0,0,595,2015,200
706,1,36.041949615110084,34.8,0.008,0,0,595,2016,200
18,1,50.10224903810343,34.8,0.008,0,0,595,2016,200
65,1,23.148422319398872,34.8,0.008,0,0,595,2016,200
791,1,57.201539100860586,34.8,0.008,0,0,595,2016,200
726,1,50.38550922034269,35.1,0.008,0,0,595,2017,200
24,1,35.87484155723344,35.1,0.008,0,0,595,2017,200
59,1,43.55662273052165,35.1,0.008,0,0,595,2017,200
803,1,47.10705707076243,35.1,0.008,0,0,595,2017,200
23,1,40.19155187551626,40.8664092704276,0.008,0,0,595,2018,200
61,1,54.407458873779206,37.1217705110835,0.008,0,0,595,2018,200
809,1,77.96593603712513,30.91921236005946,0.008,0,0,595,2018,200
7673,0,53.78934070513242,47.98140336158411,0.562,34,2239,5322,1994,92
7977,0,55.97833868955879,49.9,0.562,0,124,5322,1995,92
6792,0,64.4206626909192,51,0.562,0,0,5322,1996,92
6573,0,28.642927589248533,38.52195333489326,0.562,0,0,5322,1997,92
5584,0,34.38200946008169,54.5,0.562,0,0,5322,1998,92
3845,0,49.10752442791873,52.2,0.562,0,0,5322,1999,92
3551,0,14.211612207688216,51.5,0.562,0,0,5322,2000,92
3590,0,23.707680158381912,51.4,0.562,0,0,5322,2001,92
2835,0,46.47894400824123,51.9,0.562,0,0,5322,2002,92
3356,0,61.183511686427,50.5,0.562,0,0,5322,2003,92
3897,0,46.05535611524742,47.8,0.562,0,0,5322,2004,92
3882,0,28.8999996185303,48.5,0.562,0,0,5322,2005,92
3927,0,56.493466261988694,45.7,0.562,0,0,5322,2006,92
3497,0,21.970716471790364,45.2,0.562,0,0,5322,2007,92
3179,0,64.98197591741577,46.9,0.562,0,0,5322,2008,92
4382,0,25.33330774498191,45.8,0.562,0,0,5322,2009,92
3987,0,-2.1973694766459033,43.5,0.562,0,0,5322,2010,92
4371,0,64.52050800179552,42.3,0.562,0,0,5322,2011,92
2594,0,23.5240841254977,41.8,0.562,0,0,5322,2012,92
2513,0,40.383582245456054,43.4,0.558,0,0,5322,2013,92
3921,0,28.8999996185303,41.6,0.558,0,0,5322,2014,92
6656,0,77.37752777904387,40.6,0.558,0,0,5322,2015,92
5276,0,22.3999996185303,40,0.558,0,0,5322,2016,92
3942,0,19.049756304660082,38,0.53,0,0,5322,2017,92
3340,0,22.3999996185303,38.6,0.493,0,0,5322,2018,92
3343,1,77.8000030517578,33.4,0.2679298451618676,0,0,137,2000,771
3678,1,9.606367116263904,37.00853241925836,0.05153874031678024,0,0,137,2001,771
3503,1,58.23219806011686,34.8392599595443,0.05582911537186325,0,0,137,2002,771
3471,1,54.89376278013323,31.57869949530406,-0.09649830626582931,0,0,137,2003,771
3902,1,84.56643525447745,36.58928642584163,-0.01714250591369179,0,0,137,2004,771
3592,1,70.8000030517578,33.2,-0.23390012732199902,0,0,137,2005,771
4166,1,54.21967945603409,32.49977488431829,0.1148451319751808,0,0,137,2006,771
3863,1,43.1445806471803,38.838537790160714,-0.052766915416807336,0,0,137,2007,771
4099,1,35.233313645920234,40.3247708805046,0.1521319458108189,0,0,137,2008,771
4219,1,51.070402203691614,38.03642850511003,-0.22206741094639174,0,0,137,2009,771
3988,1,61.5999984741211,32.1,0.03259687315803497,0,0,137,2010,771
3966,1,23.424161881483563,34.18238188538015,-0.1917359612652055,0,0,137,2011,771
4114,1,46.44176811860029,43.52750513118439,0.2199260136582599,0,0,137,2012,771
4393,1,35.830555185958076,42.81721514069244,0.07030667628691815,0,0,137,2013,771
4514,1,55.0999984741211,37.05682874405412,-0.08308209496955124,0,0,137,2014,771
4035,1,18.773330066799762,39.01224055672026,-0.046072854510159106,0,0,137,2015,771
3591,1,49.4000015258789,32.4,0.045773088862589406,0,0,137,2016,771
3549,1,37.130628266344246,37.958648661382014,0.19833199672689747,0,0,137,2017,771
3830,1,47.2000007629395,36.64705966342529,-0.018576074232169032,0,0,137,2018,771
9782,1,47.5,32.7,0.2037857837446557,0,0,43,2005,770
13190,1,46.5999984741211,29.8,-0.13240167119662258,0,0,427,2010,770
8235,1,33.01086300316294,37.27978465600066,-0.11081938630273083,0,0,952,2017,770
8241,1,40.0999984741211,31.6,-0.1709949763021625,0,0,977,2018,770
1055,1,72.00019747115064,36.74584966529914,-0.11694524243517354,0,0,10327,2011,540
1217,1,36.11416101828336,31.599419037469904,0.06414199011960516,0,0,10327,2012,540
353,1,11.664997026008681,38.872266678702104,0.016011737869455006,0,0,58,2001,565
346,1,58.10275395363682,31.3924808340266,-0.27476914253978457,0,0,58,2002,565
352,1,55.03147020214942,36.598691497114864,0.042421423158278765,0,0,58,2004,565
354,1,15.632547868616538,31.481868101644814,0.10479860198939675,0,0,58,2008,565
388,1,38.71418064227918,61,0.4323806905808906,0,0,58,2009,565
314,1,33.5,34.83692726859699,0.1208476429204812,0,0,58,2010,565
308,1,54.62407997709006,34.09614202485768,-0.09153752033088877,0,0,58,2011,565
388,1,46.96600828515657,32.35881187163939,-0.2638354656729448,0,0,58,2012,565
8153,0,15.736092266726331,30.9726197217938,0.31347790911481055,0,0,901,2012,530
2204,0,34.4000015258789,28.6,0.8677376214702022,85028,13894,200,2000,850
1635,0,51.230699200639805,31.9,0.40526730763990004,0,0,200,2003,850
1419,0,17.69814660748389,32.7,0.30518595119107045,0,0,200,2004,850
1372,0,61.15201976432499,35.2,0.4947615927785638,0,0,200,2008,850
1311,0,41.07397284346013,35.1,0.35293654338037705,0,0,200,2009,850
1058,0,23,36.4,0.4350192629948368,0,0,200,2010,850
1467,0,55.16290217149889,39.7,0.5256788103008825,0,0,200,2011,850
1456,0,28.24632078299382,39.7,0.6079881048002713,0,0,200,2012,850
1386,0,12.830975398540865,40,0.5396200367369544,0,0,200,2013,850
1277,0,21.7999992370605,39.4,0.4245376387014827,0,0,200,2014,850
1491,0,18.90109991455198,39.7,0.4036283808058825,0,0,200,2015,850
1292,0,30.8999996185303,38.6,0.7118424951634779,0,0,200,2016,850
1150,0,44.09195639565814,38.1,0.5497950226037245,0,0,200,2017,850
1100,1,72.30068963272049,38.89207883637527,0.08119151798929505,0,0,3235,2001,541
1040,1,38.32405640542224,47,0.2862185757556665,0,0,3235,2002,541
1044,1,63.67174549487683,42.31427449568646,0.16564171983820467,0,0,3235,2003,541
1130,1,52.30617693900134,36.27466668256439,-0.004954182447741928,0,0,3236,2004,541
1089,1,79.5,36.28064579346995,-0.06090355272540213,0,0,3236,2005,541
894,1,39.07974033297624,37.054219903666954,-0.04327159357339258,0,0,3236,2006,541
849,1,30.20820307461514,37.72162051137367,-0.025289785264916265,0,0,3236,2007,541
995,1,8.3513392069271,45.6,0.044950994385081655,0,0,3236,2008,541
823,1,14.44991253509492,37.224194224805466,-0.17050175811885757,0,0,3236,2009,541
875,1,80.5,33.03613537878063,0.19303947910261393,0,0,3236,2010,541
849,1,60.246006686895434,34.23093478468052,0.025931793244930668,0,0,3236,2011,541
10048,1,21.89966405651734,46.88852012208825,0.15676960311778154,0,0,58,2006,770
10556,1,46.21592507651762,31.6,0.03234123542599457,0,0,58,2007,770
12491,1,56.83829437198431,39.212095246356135,0.2421590951241499,0,0,156,2009,770
13860,1,40.07730726971536,30.9,0.16655547694915745,0,0,305,2011,770
13846,1,54.25904904788567,30.6900945790009,-0.07827950574087852,0,0,321,2012,770
13937,1,47.014228299382346,30.7,0.12492897430549563,0,0,333,2013,770
9486,1,45.89801649273985,32.6,-0.0072750887311956725,0,0,403,2015,770
8516,1,40.7999992370605,36.328590857462736,0.02250821199302172,0,0,408,2016,770
8241,1,40.0999984741211,31.6,-0.332033496127226,0,0,442,2018,770
47947,1,33.05711881456476,31.7,0.11501707343076803,0,0,52,1993,750
47458,1,16.720658632144517,43.88103313858044,0.3445228882248542,0,0,58,1994,750
46386,1,48.2000007629395,44.63522460448676,0.40718418609459683,0,0,71,1995,750
49292,1,23.065487308705233,32.458585274769845,0.09087918706295574,0,0,190,1998,750
45362,1,40.6198436577712,35.966376252086576,0.18194175188276948,0,0,569,2007,750
45999,1,39.87720689881314,41.096427337923714,0.5217164030658142,0,0,583,2008,750
45824,1,0.8139831296142006,35.4,0.36172463478743055,0,0,584,2009,750
46460,1,29.3999996185303,40.65940122303054,0.31364196841820763,0,0,586,2010,750
47640,1,52.549657747943456,35.7,0.3009575980444067,0,0,586,2011,750
47478,1,24.527978466847745,37.91217200825542,0.2377403593180658,0,0,587,2012,750
45878,1,61.73637739371898,49.77795921992184,0.4972056129714726,0,0,587,2013,750
47356,1,24,39.59343276787847,0.23286424904877,0,0,590,2014,750
44373,1,17.846509307325086,39.80571508321243,0.21946113296807865,0,0,590,2015,750
42678,1,35.4000015258789,40.10205250697251,0.399880234317732,0,0,590,2016,750
41832,1,43.357218171717314,47.21675130666232,0.33948400006559826,0,0,590,2017,750
41651,1,35.2000007629395,45.41204532223152,0.2857087388339421,0,0,590,2018,750
732,0,27.271111925054203,42.47894527895747,0.619,0,0,551,1991,93
826,0,35.86871319787827,35.99600403889103,0.619,0,0,551,1992,93
762,0,32.186938918761314,57.4,0.619,0,0,551,1993,93
725,0,37.85080718661798,30.97963071610075,0.619,0,0,551,1994,93
707,0,74.5,36.66719031169876,0.619,0,0,551,1995,93
662,0,30.684279895879705,35.16421068254958,0.619,0,0,551,1996,93
679,0,15.783238547526622,48.918053375201296,0.619,0,0,551,1997,93
639,0,51.40778493892034,54.4,0.619,0,0,551,1998,93
561,0,50.31902802136754,44.31392155810609,0.619,0,0,551,1999,93
476,0,60,33.07042427946559,0.619,0,0,551,2000,93
537,0,19.367108625198338,52.9,0.619,0,0,551,2001,93
554,0,41.876023935588684,37.14743465619555,0.619,0,0,551,2002,93
635,0,34.50340945947876,43.02193699436417,0.619,0,0,551,2003,93
646,0,20.59201120664784,35.22066543226487,0.619,0,0,551,2004,93
729,0,45.5,48.8,0.619,0,0,551,2005,93
722,0,32.88195651097417,36.51131955947875,0.619,0,0,551,2006,93
714,0,34.604626319695456,36.261458276656896,0.619,0,0,551,2007,93
736,0,63.084590191134964,39.06677859464841,0.619,0,0,551,2008,93
802,0,12.764134777022164,43.9,0.619,0,0,551,2009,93
785,0,28.256230541622294,37.750791016388575,0.641,0,0,551,2010,93
738,0,34.51333747420411,36.53486521476598,0.662,0,0,551,2011,93
673,0,23.555411445689995,42.72179984875441,0.67,0,0,551,2012,93
594,0,53.194053644895945,29.003329368182467,0.67,0,0,551,2013,93
525,0,45.5,46.2,0.67,0,0,551,2014,93
524,0,28.333401738886394,33.74529737151034,0.67,0,0,551,2015,93
453,0,43.2000007629395,36.60273801068309,0.67,0,0,551,2016,93
2261,1,22.036737245281955,40.8,0.15022972000870619,0,0,81,2015,501
2363,1,46.5,37.9339292297301,0.3124852927947092,0,0,81,2016,501
2466,1,32.617795175760065,39.518190662510506,0.04752290796654818,0,0,81,2017,501
2533,1,46.5,36.20396861375084,0.13090930159543596,0,0,81,2018,501
1803,1,57.90342653466153,22.028154934676685,0.06166666577844433,0,0,207,2003,630
2015,1,35.71101507597958,40.80908822858069,0.1310248917551337,0,0,207,2004,630
2037,1,34.82023936965142,37.4,0.029722970142770505,0,0,850,2013,630
1936,1,37.04852768081648,38.8,0.1281246228577697,0,0,855,2014,630
100,1,102.0777096822861,36.5,0.4389736835741538,164955,14229,1439,2007,450
177,1,84.99049785723454,32.801040816782574,0.3462138974645903,140760,13389,1439,2008,450
145,1,61.51303544428465,31.453221574641262,0.38386977303929504,120232,15274,1439,2009,450
129,1,68.3000030517578,23.224277163698154,0.18904877519828495,98778,15797,1439,2010,450
161,1,58.52095505539218,35.852663681452,0.1581092424078557,93647,15516,1439,2011,450
135,1,81.68576981014428,31.22312460095761,0.472757997381939,91740,15625,1439,2012,450
441,1,67.25531349831412,35.775991074603354,0.12164905445023864,0,0,100,1992,230
474,1,51.452118816567264,40.130066391268706,0.14727060253156388,0,0,112,1993,230
429,1,29.770180990067736,37.09985833784646,-0.012029413409596401,0,0,123,1994,230
411,1,65.07613500833253,36.7,-0.0014382787575798195,0,0,136,1995,230
397,1,34.861232380997144,32.05487297476808,-0.016889497765598033,0,0,140,1996,230
463,1,-0.29980001183218974,39.93916290228837,0.13913933907743678,0,0,152,1997,230
522,1,50.65969678906461,44.08997428253636,-0.054479051458053096,0,0,159,1998,230
486,1,43.58072897741624,36.55755359628864,-0.042191019639759963,0,0,159,1999,230
553,1,57.772766131620415,34.3,0.21897491350244114,0,0,179,2000,230
577,1,72.34211979950072,37.174849152418616,0.39710895926873135,0,0,192,2001,230
564,1,63.70867281588101,34.86226511230547,-0.19623643428828721,0,0,197,2002,230
587,1,79.55873938746966,31.8,0.09310809002324458,0,0,200,2003,230
520,1,28.891499600643925,33.3,0.01303682243402332,0,0,200,2004,230
518,1,4.382310126422638,32.4,-0.0642186471461644,0,0,200,2005,230
476,1,8.290051430449097,33.5,0.12886844681259318,0,0,200,2006,230
482,1,17.31007431378538,34.1,0.04200768341857422,0,0,200,2007,230
407,1,56.28559545541141,34.2,-0.027092180471634697,0,0,202,2008,230
412,1,21.97189995755798,34.9,-0.04846853026724271,0,0,205,2009,230
401,1,33.372574400387045,35.2,0.0972018191168109,0,0,205,2010,230
385,1,48.85829821620274,35.7,-0.1879269053003745,0,0,206,2011,230
364,1,13.723490577981927,35.4,-0.04886628553445033,0,0,206,2012,230
302,1,66.33594491675701,36.2,-0.08328510996391444,0,0,206,2013,230
323,1,51.471109796733444,36.1,0.194830017728253,0,0,206,2014,230
302,1,36.83026736015496,36.2,0.11714320514256203,0,0,206,2015,230
294,1,7.80000019073486,35.8,0.1828803052638463,0,0,206,2016,230
307,1,42.66293691773923,34.7,-0.10391577796819809,0,0,206,2017,230
290,1,5.5,34.7,-0.33927568195005464,0,0,206,2018,230
45736,1,36.950905883079756,36.72397642664369,0.30716415545631165,0,0,225,2002,750
46460,1,29.3999996185303,43.24138213513478,0.09622251819768554,0,0,847,2010,750
47640,1,9.479185740334355,35.7,0.11677284353977721,0,0,855,2011,750
47478,1,22.7288525014812,43.375725187699395,0.3923388676089249,0,0,862,2012,750
45878,1,23.136002973741267,34.308691123851396,0.09510255824768873,0,0,871,2013,750
47356,1,24,38.763632944225904,0.400938474139771,0,0,879,2014,750
44373,1,77.51034458481287,34.19304447930955,0.08668203259993175,0,0,883,2015,750
42678,1,35.4000015258789,38.65369797979467,0.2385339714991909,0,0,883,2016,750
41832,1,27.741695829134063,41.70073959806048,0.520452336457936,0,0,883,2017,750
41651,1,35.2000007629395,41.692790555947475,0.2931932621969078,0,0,888,2018,750
47458,1,41.26321461159055,30.80520793399349,-0.009589200812864018,0,0,8128,1994,750
46386,1,48.2000007629395,46.60568251599328,0.08314775090721345,0,0,8128,1995,750
46912,1,34.81034835256694,35.81340894649273,0.011809229478318417,0,0,8128,1996,750
47418,1,33.09952633577338,53.68459625707505,0.3437964894659268,0,0,8128,1997,750
49292,1,54.58929475605007,44.25868800677056,0.24929310592795056,0,0,8128,1998,750
47781,1,4.217666223118869,34.56719920298507,0.045164414842595285,0,0,8128,1999,750
48167,1,41.5,40.84550609335519,0.419910990811146,0,0,8128,2000,750
46420,1,27.32370361551077,45.51332565389417,0.18420165561472093,0,0,8128,2001,750
45736,1,43.92409669752335,40.331036103508104,0.016618971675215366,0,0,8128,2002,750
44331,1,36.76779973584036,37.979913780582876,0.13044638316796384,0,0,8128,2003,750
46490,1,44.66379908144109,34.4,0.14102616074091834,0,0,8128,2004,750
45095,1,34.7999992370605,40.07366398297029,0.00727303232349491,0,0,8128,2005,750
44961,1,22.327671289849455,43.19741568104027,0.3222696892154818,0,0,8128,2006,750
45362,1,59.38035748557179,36.73657536713792,0.03827987824510892,0,0,8128,2007,750
45999,1,48.30817873075722,45.06911523789232,0.24668451451439138,0,0,8128,2008,750
45824,1,32.04499542038823,35.4,-0.05810137015649533,0,0,8128,2009,750
46460,1,29.3999996185303,42.05160953792601,0.11549982817998423,0,0,8128,2010,750
47640,1,21.421377600866933,35.7,0.19018161545837778,0,0,8128,2011,750
47478,1,30.527946259045887,53.67653701092902,0.29172101339952894,0,0,8128,2012,750
45878,1,42.08845473305153,34.6534842455396,0.16241596741130368,0,0,8128,2013,750
47356,1,24,48.06117348856665,0.4959569359045929,0,0,8128,2014,750
44373,1,67.92726874791718,33.74634861497703,0.06201517422444165,0,0,8128,2015,750
42678,1,35.4000015258789,45.43405947537701,0.19706540508733475,0,0,8128,2016,750
41832,1,23.82827054393013,31.664280606610394,0.23049577798132914,0,0,8128,2017,750
41651,1,35.2000007629395,49.420358251050914,0.29295375867357387,0,0,8128,2018,750
1377,1,81.78230885824463,44.92702748910678,-0.12216279892025403,0,0,36938,2004,780
763,1,107.03333043888068,58.51185122510598,-0.13804964562836966,0,0,59629,2010,780
732,1,120.47592564435297,50.75600658965653,-0.29754313148361244,0,0,59629,2011,780
676,1,118.21959551441458,38.7,-0.7118151832077106,0,0,59629,2012,780
619,1,81.34976211085313,45.723818357776615,-0.5839155682954877,0,0,59629,2013,780
553,1,112.13466840247575,55.46536535054996,-0.12884644962297928,0,0,59629,2014,780
487,1,99.75481037329337,55.36844052566297,-0.23642005188740675,0,0,59629,2015,780
530,1,135.1817458600636,39.3,-0.6194510073813424,0,0,59629,2016,780
486,1,134.92608274484,46.217033077517044,-0.5688924394662668,0,0,59629,2017,780
514,1,126.12183178353777,57.34617963322666,0.0961071471331605,0,0,59629,2018,780
2554,1,40.35470731221553,28.12792473758769,-0.042984752842059326,2660,0,3059,2009,645
2554,1,37.61178791761657,45.196066660556326,0.3043016690851659,2660,0,3066,2009,645
2554,1,81.38150055005936,38.35272693215879,0.05639014411175375,2660,0,3073,2009,645
2458,1,41.36509342400688,39.712104905850964,0.16508590059358513,2660,0,3059,2009,645
2458,1,53.451776247192896,41.53111997883282,0.16786818830447797,2660,0,3066,2009,645
2458,1,52.24088270436505,38.44797779923915,-0.031230965530732707,2660,0,3073,2009,645
96,1,25.250294717414807,39.26024569113824,0.1476961385784637,2660,0,3059,2009,645
96,1,59.1115619105356,28.05979444927746,-0.00974928994903232,2660,0,3066,2009,645
96,1,39.50887714308531,35.01012669845283,0.04338923722249144,2660,0,3073,2009,645
2634,1,45.3086408949335,44.17062331243074,0.14044990085380246,3104,0,3476,2011,645
2634,1,53.133290197020955,24.961228235609944,-0.14239503793868982,3104,0,3501,2011,645
2634,1,45.82303386504757,31.98305128302181,-0.17362267901367182,3104,0,3526,2011,645
2518,1,52.14814447491942,43.61454172574787,0.24328758262807068,3104,0,3476,2011,645
2518,1,44.87437817562434,34.10851796185353,0.04793495220761082,3104,0,3501,2011,645
2518,1,42.851776503015735,40.49622595638129,0.03926715723214905,3104,0,3526,2011,645
116,1,38.91686473648921,35.31786009863894,0.01589913536105894,3104,0,3476,2011,645
116,1,56.26700602410962,34.13674252191194,-0.18902557544962287,3104,0,3501,2011,645
116,1,87.1797760275629,32.198093021897215,-0.17458881652561567,3104,0,3526,2011,645
3339,1,33.87793121297403,41.417327432064184,-0.027331680959630233,3159,30,3756,2013,645
3339,1,35.54064141758542,43.45550274253507,0.1810542846252377,3159,30,3767,2013,645
3339,1,35.94912495862143,45.081055592029664,0.33547162838806666,3159,30,3778,2013,645
3228,1,41.22847496719832,31.956583115126634,0.021827175994877518,3159,30,3756,2013,645
3228,1,40.03577950053517,43.219240242371505,0.20351568711309295,3159,30,3767,2013,645
3228,1,47.6792736873898,40.50676572772646,0.13693465868107174,3159,30,3778,2013,645
111,1,61.76902653473274,41.22109410611485,0.23406051055802196,3159,30,3756,2013,645
111,1,45.44860978843384,36.449538335592095,0.1456358138095338,3159,30,3767,2013,645
111,1,30.444167326823624,39.53439980014352,0.13450049861265634,3159,30,3778,2013,645
3029,1,47.2000007629395,31.87382699702207,-0.11638984396256588,2915,30,3778,2014,645
47640,1,16.026434848120175,35.7,0.28896678872580106,0,0,1106,2011,750
47478,1,41.97609129461174,35.853320651046886,0.059362728820209903,0,0,1106,2012,750
45878,1,34.35040306860553,44.08522777146632,0.28225282085119147,0,0,1108,2013,750
47356,1,24,40.601550965624455,0.24181082340529203,0,0,1113,2014,750
44373,1,22.601432109145634,41.856970944113634,0.2463245867525412,0,0,1114,2015,750
42678,1,35.4000015258789,36.85635255971149,0.30851425258357035,0,0,1116,2016,750
41832,1,31.473634597361375,36.40761522866469,-0.13219128489027718,0,0,1116,2017,750
41651,1,35.2000007629395,36.32492203282125,0.2618965687643193,0,0,1116,2018,750
1758,1,21.61237066550529,31.1,-0.11428746190373198,0,0,146,1998,850
1372,1,65.2193550126647,35.2,0.003383016978951603,0,0,2713,2008,850
1311,1,61.41019705337666,35.1,-0.10937945543351327,0,0,2713,2009,850
1058,1,23,36.4,0.025553878504681465,0,0,2713,2010,850
1467,1,52.80922665615816,39.7,-0.05919636086312827,0,0,2713,2011,850
1456,1,23.187872033116125,39.7,0.04501332128865829,0,0,2713,2012,850
1386,1,49.30826146573545,40,0.17121624062892643,0,0,2713,2013,850
1277,1,21.7999992370605,39.4,-0.010108639421742033,0,0,2713,2014,850
1491,1,56.46998215074774,39.7,0.19038275945564603,0,0,2713,2015,850
1292,1,30.8999996185303,38.6,0.2165523941793261,0,0,2713,2016,850
1150,1,56.18569847726286,38.1,0.3625619771322617,0,0,2713,2017,850
502,0,24.44294333187076,33.44537082430584,0.3698763875768602,0,0,259,1998,910
450,0,40.559709303455406,48.84005718882392,0.7583014297084226,0,0,259,1999,910
465,0,50.54281426320025,30.199645095637436,0.39485451199330884,0,0,259,2000,910
436,0,13.035112223085275,44.57446487647354,0.7207016995731218,0,0,259,2001,910
470,0,79.44986020417794,38.290119457009055,0.6160639430616652,0,0,259,2002,910
609,0,49.0316949957109,46.94261663548612,0.6586246574135259,0,0,259,2003,910
603,0,23.89677829684245,32.867482348331,0.302673436595865,0,0,259,2005,910
610,0,34.68676040143872,41.46564177425887,0.26662938919745094,0,0,259,2006,910
520,0,36.06972922762064,41.83960693944463,0.5948629647528227,0,0,259,2007,910
603,0,30.463818482308948,35.69641028745457,0.5026718791379066,0,0,259,2008,910
697,0,72.29046973545725,41.9,0.3173656259951336,0,0,259,2009,910
713,0,25.325209786746832,33.69662495363143,0.25582048243261135,0,0,259,2010,910
831,0,42.66254663805205,31.5,0.4100749482764141,0,0,52,2011,436
788,0,27.802930736790834,33.55200257924251,0.6802564019648157,0,0,52,2012,436
341,1,55.68635503057362,31.440490578223965,-0.14164326016863707,0,121,61,2008,516
376,1,55.19099895708477,35.38229664276962,0.029548256181199384,0,127,61,2009,516
347,1,49.48768991715347,38.16138466675824,0.26560831738653745,0,95,61,2010,516
349,1,31.711352326318718,36.79690909557511,0.09796205730467952,0,0,61,2011,516
500,1,28.388987210780755,38.3458627258997,-0.022559787842718698,0,10,61,2012,516
520,1,50.389516486996314,38.6,-0.10392479716343858,0,0,61,2013,516
564,1,57.9000015258789,39.58724695575781,0.25712366038149603,0,0,61,2014,516
461,1,83.42092231487358,35.84182754351538,0.2579239508946926,0,0,61,2015,516
635,1,48.5999984741211,30.554520921614206,-0.25478065883693934,0,0,61,2016,516
319,1,76.37230598701059,34.8396961960761,0.001421109911137558,0,0,6000,2006,517
268,1,64.07101399249319,45.440255421905306,0.014537558268590323,0,0,6000,2007,517
144,1,61.45490725419975,44.07805884072887,0.27976037982109825,0,0,6000,2008,517
291,1,65.0999984741211,47.2,0.249311694841426,0,0,6000,2010,517
256,1,54.71401088496981,32.4995230554456,-0.012984682895565758,0,0,6011,2012,517
359,1,45.30232188085293,45.1,0.21019983431069178,0,0,6011,2013,517
428,1,53.2000007629395,39.32168672516759,-0.06028175716309167,0,0,6011,2014,517
293,1,63.30857551604004,40.57505027200209,0.23343317230703808,0,0,6011,2015,517
39,1,44.59498571063093,34.83257978120975,-0.21352367554107818,0,0,1453,2015,433
33912,0,46.95459300330981,42.092454214468084,0.6853125396867331,0,0,100,1992,365
45060,0,51.716857433315944,48.4,1.0418452584402755,0,0,100,1993,365
47870,0,11.719388894879238,38.401680435450444,0.857631635323034,0,0,100,1994,365
45257,0,39.68245853068733,38.9286000800132,0.6029197420184617,0,0,100,1995,365
39083,0,55.25059982526985,46.1,0.7337976556397608,0,0,100,1996,365
34995,0,1.2758001184994825,38.4,0.692578937321484,0,0,100,1997,365
33553,0,48.34740805040351,38.1,0.600502490977222,0,0,100,1998,365
38225,0,7.179593107860605,37.4,0.4054283693491004,0,0,100,1999,365
41090,0,-5.6595495959680235,37.1,0.6542521945414572,0,0,100,2000,365
42921,0,18.220383603864235,36.9,0.8556171611722694,0,0,100,2001,365
44252,0,28.380199837220175,37.3,0.5731441402178469,0,0,100,2002,365
41764,0,38.71575973432049,40,0.645433796817086,0,0,100,2003,365
39256,0,36.898559072987645,40.3,0.5975237413297584,0,0,100,2004,365
35636,0,33.177285841252065,41.3,0.5617183077582893,0,0,100,2005,365
28844,0,26.95755433599431,41,0.5222558044307853,0,0,100,2006,365
25377,0,32.17315856616447,42.3,0.6471180286333055,0,0,100,2007,365
18188,0,12.10072870943915,41.6,0.6432557890009637,0,0,100,2008,365
17659,0,43.50572340043311,39.8,0.5605481717149398,0,0,100,2009,365
16690,0,42.88153531001632,39.5,0.5551071032493463,0,0,100,2010,365
16175,0,13.47809889678495,39.7,0.4199074224682681,0,0,100,2011,365
16247,0,54.37007511077119,40.7,0.4802509554873666,0,0,100,2012,365
16033,0,32.96012702987628,40.9,0.5860635671658531,0,0,100,2013,365
16516,0,40.27428649588082,39.9,0.6864860345529982,0,0,100,2014,365
16646,0,33.204666008518394,37.7,0.5772039618300122,0,0,100,2015,365
15864,0,46.831846327823776,36.8,0.39431037914794026,0,0,100,2016,365
13293,0,30.216074129685545,37.2,0.42685483877389285,0,0,100,2017,365
11964,0,51.19255177230501,37.5,0.3613950070787045,0,0,100,2018,365
578,1,20.484897033207243,45.050086309616376,0.10351799373053858,5,0,145,1994,372
391,1,63.086519252974966,29.635114701321708,-0.022389549688524107,0,0,145,1995,372
270,1,56.96373618394774,37.1,-0.08321328423451838,0,0,145,1996,372
285,1,62.042953196488824,40.7,0.044396646641247955,0,0,145,1997,372
243,1,28.345857416500163,41.3,0.27135238569688447,0,0,145,1998,372
244,1,41.02463914038648,40.1,0.09148209873365265,0,0,145,1999,372
239,1,60.77699945922441,40.5,0.2739884432685224,0,0,145,2000,372
263,1,26.1526980499131,39.6,0.03569853565892711,0,0,145,2001,372
292,1,8.617473394593098,37.2,0.17671582444936187,8,0,145,2002,372
302,1,60.210077586590245,36.7,0.1427442659571747,48,18,145,2003,372
298,1,36.762677312613874,36.2,0.10775030329919846,4,128,145,2004,372
403,1,7.885956183706718,37.4,0.11630288873553982,2,134,145,2005,372
323,1,61.59833081709834,36.9,0.17225266653086593,9,139,145,2006,372
330,1,52.91329636422802,38.1,-0.09777953286982224,0,168,145,2007,372
263,1,68.2006419769073,38.5,0.003916079802843531,0,203,145,2008,372
210,1,17.71709060507136,38.2,0.10770258474643657,0,76,145,2009,372
187,1,46.17490509101649,39.5,0.03994687170263961,0,0,145,2010,372
108,1,55.930478614108004,37.6,0.13516839387421514,0,0,145,2014,372
39,1,34.0999984741211,36.6,-0.010294570373331202,0,0,145,2016,372
89,1,34.0999984741211,36.4,0.14135203228845755,0,0,145,2018,372
486,0,73.73217155829488,21.728327040713662,0.769,84121,21509,143,2007,41
498,0,72.05842840702925,24.45889730758215,0.769,84718,23284,143,2008,41
598,0,124.46134373264127,31.210027177247778,0.769,84562,24454,143,2009,41
677,0,70.0999984741211,22.93011277730897,0.769,99784,32634,143,2010,41
914,0,84.72834824086448,13.139765107297272,0.769,104619,42183,143,2011,41
1033,0,101.72848982960434,41.1,0.763,87964,36051,143,2012,41
1039,0,70.86560771541292,37.52915561239225,0.763,75973,30508,143,2013,41
980,0,74.4000015258789,27.209866610326806,0.763,58328,26253,143,2014,41
1071,0,75.6728953033728,22.906871480811287,0.763,37902,28273,143,2015,41
1028,0,65.9000015258789,29.851617731815292,0.763,28597,28572,143,2016,41
743,0,65.9000015258789,37.89323624629923,0.763,0,14527,143,2018,41
112,1,91.35964334291248,29.850936135694514,-0.2492014834078616,107459,1406,8526,2004,451
99,1,97,39.478002590804756,0.04731401566033669,31440,753,8526,2005,451
101,1,35.45140930731297,44.10666075910586,0.06409581664486602,0,209,8526,2006,451
134,1,27.778904581101628,43.29479064456335,0.019442552991420614,0,289,8526,2007,451
184,1,46.98699585753545,33.39497649069298,-0.02211595721366713,0,141,8526,2008,451
158,1,54.790776087550526,33.60587620155809,-0.18935619218862484,0,0,8526,2009,451
163,1,52.58750528645252,35.17834661440661,-0.07232927331110686,0,0,8526,2010,451
187,1,52.97458591817023,34,-0.11981126579254545,0,0,8526,2011,451
113,1,47.8350195808401,46.57419058039512,0.008767677070253,0,0,8526,2012,451
124,1,51.28164448260971,26.103270484684067,-0.17890622961446676,0,0,8526,2015,451
2837,1,50.811434803409156,42.2,-0.11843583777937486,0,0,183,2003,640
2914,1,21.741449515069565,41.3,0.13494530728051768,0,0,195,2004,640
3168,1,53.68575909249568,39.6,0.1800125317192485,0,0,225,2006,640
3599,1,47.755560678052376,38.4,0.3423825796343021,0,0,225,2007,640
3257,1,45.438919096232155,39,0.12213855843465315,0,0,227,2008,640
3692,1,58.32114310568441,39,0.08129299495433485,0,0,227,2009,640
3064,1,13,38.8,0.09935157318279944,0,0,234,2010,640
3061,1,27.304063825333145,40,0.06258404953424916,0,0,235,2011,640
3216,1,53.280683339413514,40.2,0.18392459974791192,0,0,238,2012,640
2235,1,30.11950363040346,42.9,0.16044798049002285,0,0,242,2015,640
2503,1,4.808677013972542,41.4,0.3975189283717465,0,0,600,2017,640
2133,1,8.60000038146973,41.9,0.14249408450891773,0,0,600,2018,640
268,0,18.84081528294855,38.270762876397086,0.47714513513021983,0,0,97,1993,371
116,0,41.60795332067106,32.78040026576168,0.2902406731479172,0,0,135,1995,371
114,0,11.18665707190657,29.100781395054028,0.3387444383188537,0,0,135,1996,371
100,0,38.218851707636546,30.71341865721491,0.46629267223906035,0,0,135,1997,371
93,0,38.52879125508846,27.632977191521395,0.1366456514829488,0,0,135,1998,371
90,0,61.792809272037175,36.2,0.30660526559272583,0,0,135,1999,371
91,0,39.87519143505087,28.277143237312544,0.21418322777732376,0,0,135,2000,371
88,0,71.79516631910707,35.4,0.47514732301534,0,0,135,2001,371
69,0,38.00557397635835,34.8,0.47262187719177606,0,0,135,2002,371
76,0,16.308780206048567,33,0.253779193765679,0,0,135,2003,371
83,0,19.91429356695472,37.5,0.6810130763631749,0,0,135,2004,371
58,0,32.937998587624975,36,0.43004601474260673,0,0,136,2005,371
79,0,41.99224650407915,29.7,0.27853954140393244,0,0,138,2006,371
77,0,31.637493895513273,31.2,0.1407454078476946,0,0,138,2007,371
97,0,21.08793537848328,29.2,0.420464689156717,0,0,138,2008,371
97,0,52.05873744360279,28,0.3075272282977473,0,0,138,2009,371
56,0,75.05048140325476,30,0.5998196486788958,0,0,138,2010,371
71,0,42.73446751965066,29.4,0.3984743305617933,0,0,138,2011,371
65,0,57.16793909129984,29.6,0.4707320703775564,0,0,147,2012,371
63,0,32.78356463211534,30.6,0.4885553069695636,0,0,148,2013,371
72,0,14.3999996185303,31.5,0.2633764943361283,0,0,148,2014,371
75,0,16.755533181038775,32.4,0.36226968035381335,0,0,157,2015,371
87,0,9.30000019073486,32.5,0.5232268293710953,0,0,161,2016,371
70,0,75.15286754747154,33.6,0.3892356592534693,0,0,161,2017,371
50,0,9.30000019073486,34.4,0.37705141241402373,0,0,162,2018,371
443,0,40.63541062815581,34.7,0.38623920686490554,0,0,2830,1995,373
400,0,19.606611554949108,26.824062485861496,0.14539753411435244,0,0,2835,1996,373
242,0,37.9235811388786,29.793771670414934,0.171126013195242,0,0,2916,1999,373
226,0,44.43905474173346,40.689086300482124,0.5203372223427599,0,0,2929,2000,373
218,0,68.3155505934068,36.5,0.6130284014646896,0,0,2935,2001,373
212,0,69.78927200912786,25.3,0.25612428680074045,0,0,2935,2002,373
183,0,52.91093871655616,26.8,0.32686416888842795,0,0,2935,2003,373
201,0,38.65364207731082,26.6,0.21586241869546627,0,0,2943,2004,373
192,0,71.99107198828793,26.6,0.026342243386408087,0,0,2967,2005,373
190,0,44.402237805498395,29.176617735110824,0.393722070919774,0,0,2972,2006,373
189,0,54.86584942363959,41.10051731202202,0.4157120830921132,0,0,2984,2007,373
192,0,48.53937098008536,40.94793250926534,0.6328575511734968,0,0,3000,2008,373
206,0,36.193406147925145,32.73033917616338,0.36749339604478143,0,0,3027,2010,373
202,0,60.2596210861314,43.144105245770334,0.48013441376142496,0,0,3064,2012,373
221,0,34.394835272853534,34.04108185593225,0.3481538935620775,0,0,3075,2013,373
219,0,45.19576193012247,30.833288132190958,0.4966412178390279,0,0,3330,2018,373
99,1,99.67753933763314,30.839594567971275,0.018963396306885733,0,20684,15418,2000,346
82,1,84.69622956368401,30,0.37393647884939984,0,20863,15418,2001,346
90,1,90.40896657364529,24.806510747470185,0.03651916936753924,0,14558,15418,2002,346
68,1,44.68494832162473,34,-0.13344378638458113,0,0,15418,2004,346
70,1,47.03920559879013,32.16116432166267,0.04570376393665104,0,0,15418,2005,346
73,1,70.83617759354331,25.539822528257982,-0.39770184030006905,0,0,15418,2006,346
66,1,80.34628164790757,33.1,-0.41065132017775285,0,0,15418,2007,346
66,1,73.40751715252475,33.0846251521358,-0.34149012864816175,0,0,15418,2008,346
71,1,81.57326457793319,34.38212875391164,0.17314182606825754,0,0,15418,2009,346
56,1,57.34088065327448,38.034076667773554,-0.1459365774707064,0,0,15418,2010,346
51,1,51.28199447411282,33,-0.4727271752548221,0,0,15418,2011,346
63,1,50.10411958654467,39.41356723293233,-0.023560318625534232,0,0,15418,2012,346
46,1,45.39147748821345,36.27035833214042,0.020813523826440555,0,0,15418,2013,346
50,1,27.275387240278423,44.54096001982823,0.24309819810424085,0,0,15418,2014,346
57,1,61.1691260838147,44.324366838718504,0.3037326916487998,0,0,15418,2015,346
45,1,7.59999990463257,47.870248562057725,0.024690253726237288,0,0,15418,2016,346
42,1,74.39035717763547,39.92245196506916,-0.25715808937750384,0,0,15418,2017,346
39,1,7.59999990463257,37.10641440516019,-0.027452210047101744,0,0,15418,2018,346
143,1,137.89184546255314,29.741458707006817,0.3055202569012587,416805,8186,252,1994,344
122,1,46.438835132795546,38.63809585960161,0.28199298525891625,51534,4166,1013,1996,344
118,1,68.4751365800036,31.020107983298804,0.08479980792771487,39106,4993,1013,1997,344
105,1,66.12323841392643,28.679242811543574,-0.23650913158278272,290,1725,1013,1998,344
111,1,44.47432042042758,48.069245564291016,0.231907574674351,0,0,1013,1999,344
101,1,41.037770093401505,35.62882206399859,0.1970640372962391,0,0,1013,2000,344
81,1,20.059104795566046,36.54315496303736,0.1394105379156908,0,0,1013,2001,344
73,1,47.37755444639639,37.652722649359994,0.1609467988074523,0,0,1013,2002,344
69,1,13.630901672582887,41.16855694519799,0.08864969846401972,0,0,1013,2003,344
83,1,53.93047523496829,39.41465793481441,0.08110595904770375,0,0,1013,2004,344
68,1,81.79229457470828,32.36362137843528,-0.04872945325626735,0,0,1013,2005,344
74,1,26.56965724381935,40.21262183082981,0.17147062815556793,0,0,1013,2006,344
62,1,27.934239935347236,42.85437760624375,0.25186760342158426,0,0,1013,2007,344
71,1,44.98230142521167,36.31513870442606,0.06331562629206078,0,0,1013,2008,344
49,1,41.44341258201934,32.6,0.17096901726067798,0,0,1013,2009,344
62,1,47.97324592762442,32.4,0.1416120769267748,0,0,1013,2010,344
49,1,43.018796805897395,32.3,0.08127864078932096,0,0,1013,2011,344
51,1,30.994652643392847,32.5,0.18102860348257913,0,0,1013,2012,344
46,1,-1.1355786572215152,32,0.1513291871708785,0,0,1013,2013,344
36,1,2.550794145625815,32.1,0.008815087012592593,0,0,1013,2014,344
37,1,20.278577976458557,31.1,0.1671052784164885,0,0,1013,2015,344
44,1,36.538595509635194,30.9,-0.0879585133620712,0,0,1013,2016,344
46,1,45.70737289809796,30.4,0.05889507572739916,0,0,1013,2017,344
24,1,56.37057349433188,29.7,-0.22865927093608582,0,0,1013,2018,344
99,1,77.98109978477976,39.458364487400566,0.32115782208761023,0,20684,3538,2000,346
82,1,48.85304008768546,30,-0.018085335622794074,0,20863,3538,2001,346
90,1,52.38253012129957,26.245620345038184,0.18323568408416566,0,14558,3538,2002,346
68,1,44.64356687786438,34,0.07968821391675474,0,0,3538,2004,346
70,1,61.21914037327535,36.76097402848598,0.02395707602738059,0,0,3538,2005,346
73,1,87.04305545675417,30.430801372515162,0.1251470698940411,0,0,3538,2006,346
66,1,29.94239039041348,33.1,-0.008638264802951795,0,0,3538,2007,346
66,1,55.968382596212535,36.78724157736628,-0.18700093654220393,0,0,3538,2008,346
71,1,24.048170930432345,45.7257370195143,0.06399655232370892,0,0,3538,2009,346
56,1,39.525926880423526,42.605901388413386,-0.22637926304158354,0,0,3538,2010,346
51,1,26.61172228076971,33,-0.1331910222893445,0,0,3538,2011,346
63,1,41.91823677520945,30.233676852253623,-0.02136780530098295,0,0,3538,2012,346
46,1,39.12462101792668,37.586653804371245,0.007461776196143605,0,0,3538,2013,346
50,1,48.754818751621784,36.25977809405122,-0.19284046972398847,0,0,3538,2014,346
57,1,22.275746998369062,38.57972235654994,0.13534315148062456,0,0,3538,2015,346
45,1,7.59999990463257,39.232097822996224,-0.024016393664213098,0,0,3538,2016,346
42,1,49.56041282560489,38.88033267095732,0.38398001596284875,0,0,3538,2017,346
39,1,7.59999990463257,39.9962372465719,0.2330759917931906,0,0,3538,2018,346
471,0,51.69703470470431,23.647061146481168,0.29171488295362885,0,0,626,2003,651
322,0,22.57164109647819,31.8,0.43755247452583146,0,0,626,2004,651
522,0,17.1000003814697,30.261934454271625,0.2756328833668476,0,0,626,2005,651
549,0,29.314080129748028,36.55236146508354,0.5823682851106018,0,0,626,2006,651
680,0,35.16608243012902,39.314402473578966,0.39545899275049723,0,0,626,2007,651
967,0,27.670498383417012,31.1,0.3660301673162365,0,0,626,2008,651
912,0,45.82711897496806,39.09945989557018,0.5188765017093556,0,0,626,2009,651
1839,0,13.1000003814697,30.2,0.3934203161326797,0,0,626,2010,651
2703,0,46.268480770465445,44.717704263278826,0.5796353688030808,0,0,626,2011,651
2207,0,42.261736968985275,28.3,0.4543472506397399,0,0,626,2012,651
578,0,61.20252355281269,32.42985440461959,0.18838275709518407,5,0,1879,1994,372
391,0,52.71813338382773,41.9970149043567,0.7398565905652896,0,0,1879,1995,372
270,0,58.736022854931974,37.1,0.3782659189690971,0,0,1879,1996,372
285,0,52.082867701041266,40.7,0.7018359605943006,0,0,1879,1997,372
243,0,28.138369490755494,41.3,0.49578111260025204,0,0,1879,1998,372
244,0,67.4835056065133,40.1,0.54890097022103,0,0,1879,1999,372
239,0,27.763214946113578,40.5,0.37714093457084225,0,0,1879,2000,372
263,0,82.87670446932395,39.6,0.673678696212167,0,0,1879,2001,372
292,0,52.59735997668207,37.2,0.44264009764763446,8,0,1879,2002,372
302,0,33.21512643476872,36.7,0.32445078888269907,48,18,1879,2003,372
298,0,35.377594663362196,36.2,0.5314591965795802,4,128,1879,2004,372
403,0,49.37398709523472,37.4,0.41309257342643896,2,134,1879,2005,372
323,0,49.82859380960928,36.9,0.4101485100437525,9,139,1879,2006,372
330,0,53.99126597567667,38.1,0.30513449011554894,0,168,1879,2007,372
263,0,46.955234924838166,38.5,0.3890829320649205,0,203,1879,2008,372
210,0,-1.9669300430627459,38.2,0.42485816678025373,0,76,1879,2009,372
187,0,52.70313570909184,39.5,0.5977954597533687,0,0,1879,2010,372
108,0,38.30333685345304,37.6,0.5055172601496757,0,0,1879,2014,372
39,0,34.0999984741211,36.6,0.5070880162961146,0,0,1879,2016,372
89,0,34.0999984741211,36.4,0.5095584484660837,0,0,1879,2018,372
878,1,38.272065401712446,32.99308384514116,-0.024015988284873308,0,0,52,1993,372
578,1,41.29004598319812,37.92590494918851,0.25112045115649334,5,0,52,1994,372
391,1,3.8265226043455556,38.5493195564947,-0.16855692629491995,0,0,52,1995,372
270,1,66.0406948173887,37.1,0.07283526814356943,0,0,52,1996,372
285,1,50.609336638356304,40.7,0.16619961722101342,0,0,52,1997,372
243,1,34.130604640773925,41.3,0.20022421780296945,0,0,52,1998,372
244,1,43.02874443500441,40.1,0.16188036833047265,0,0,52,1999,372
239,1,48.43637507466859,40.5,0.16416000017745552,0,0,52,2000,372
263,1,36.1585701676072,39.6,0.03890407054127834,0,0,52,2001,372
292,1,40.62893824074052,37.2,0.01988596928619571,8,0,52,2002,372
302,1,48.536989589629975,36.7,0.08719337683725285,48,18,52,2003,372
298,1,62.467329979888305,36.2,-0.0036025308877623563,4,128,79,2004,372
403,1,25.82912363875767,37.4,0.09839756279273149,2,134,79,2005,372
323,1,44.34381436316752,36.9,0.24721860433882753,9,139,79,2006,372
330,1,72.78240157288988,38.1,0.14532845995358618,0,168,79,2007,372
210,1,44.0844408862591,38.2,-0.11545492926506859,0,76,461,2009,372
187,1,16.30540244810519,39.5,0.22491195094429028,0,0,461,2010,372
108,1,19.02785737162281,37.6,0.22328315933906615,0,0,461,2014,372
39,1,34.0999984741211,36.6,0.07963897955006254,0,0,461,2016,372
89,1,34.0999984741211,36.4,0.04739939589993106,0,0,461,2018,372
387,0,26.05788054964112,39.92916318083981,0.5206147664329531,0,0,453,1993,359
401,0,79.10267261021993,30.7835580099482,0.20132700159792713,0,0,453,1994,359
402,0,20.95029895755122,36.43382970146523,0.6307746252561984,0,0,453,1995,359
400,0,61.43862318728709,36.04815554788723,0.8064980887303552,0,0,453,1996,359
414,0,32.08733312780646,36.9,0.439775174608385,0,0,453,1997,359
375,0,49.60542521585708,39.5,0.6015748156165804,0,0,453,1998,359
391,0,59.60450940872921,42.6,0.3545484572446797,0,0,453,1999,359
433,0,33.91050220216853,36.4,0.6893088047102672,0,0,453,2000,359
411,0,42.6605363578973,38,0.5454201904557361,0,0,453,2001,359
401,0,52.45597737547778,35.8,0.4095590967949426,0,0,453,2002,359
319,0,57.08174303796062,34.9,0.4459654964866363,0,0,453,2003,359
277,0,76.89295398240603,35,0.3992341156523448,0,0,453,2004,359
296,0,46.28753576282814,36.3,0.4846764846747189,0,0,453,2005,359
262,0,63.7039131295904,35.4,0.5169586126537126,0,0,453,2006,359
217,0,63.595374503774984,34.4,0.6086092926661163,0,0,453,2007,359
236,0,61.51845100192094,34.7,0.6965445129451808,0,0,453,2008,359
246,0,27.30066693594968,32.9,0.4906159680515634,0,0,453,2009,359
265,0,41.51553564774133,32.1,0.08517613378376655,0,0,453,2010,359
216,0,28.187436034903335,30.6,0.36541559585557726,0,0,453,2011,359
229,0,57.80399186197971,29.2,0.2508387320184768,0,0,453,2012,359
169,0,42.138034187157686,28.5,0.4262883699505726,0,0,453,2013,359
175,0,33.78124867859925,26.8,0.5491233870448387,0,0,453,2014,359
189,0,43.68947786131969,27,0.2656093302926774,0,0,453,2015,359
200,0,63.5,26.3,0.49804875830644657,0,0,453,2016,359
141,0,50.632260699790166,25.9,0.2541629640573158,0,0,453,2017,359
166,0,59.2000007629395,25.7,0.2659237651231997,0,0,453,2018,359
357,1,39.12859575554206,29.5,-0.26767135856590396,0,26,3220,1999,702
233,1,48.73935540621223,32.206389646003025,-0.06923278657665546,0,0,3266,2001,702
180,1,40.87032565767147,31.693100907706793,5.504822377452312e-4,0,0,3266,2002,702
164,1,47.5687920624758,32.7,0.090597319878273,0,0,3266,2003,702
142,1,71.63189415772402,33.6,-0.20298557956975502,0,0,3266,2004,702
157,1,49.36006546789171,35.014954989365336,0.13144281442597563,0,0,3266,2005,702
194,1,69.8372864617457,36.17562502557721,-0.2051341838089332,0,0,3274,2006,702
132,1,37.921028954012556,32.2,-0.24136071945666257,0,0,3274,2007,702
100,1,93.40712202590623,32.46573058839593,-0.1068633723215073,0,0,3274,2008,702
97,1,32.43635726186017,30.8,0.02740000177597038,0,0,3290,2009,702
400,0,25.810373431511145,34.52936625886328,0.41513395899877,0,0,62,1996,373
284,0,22.069050209195435,38.45725907019722,0.4899016122938086,0,0,62,1997,373
280,0,59.37637953748089,34.55286294024565,0.5679001887830949,0,0,62,1998,373
242,0,27.740093172113433,37.35856977160113,0.42870727905708306,0,0,62,1999,373
226,0,15.236242601614116,34.671198721807166,0.3472002363877865,0,0,62,2000,373
218,0,38.41047360250295,36.5,0.48273020913934594,0,0,62,2001,373
212,0,32.66840494638281,25.3,0.2979792641636944,0,0,62,2002,373
183,0,31.284890267511194,26.8,0.26025507295001493,0,0,62,2003,373
201,0,60.12098485803128,26.6,0.19155773464175,0,0,62,2004,373
192,0,72.56382170476377,26.6,0.6228307924140053,0,0,62,2005,373
190,0,54.51680147415276,39.357869070859316,0.5017576232381316,0,0,62,2006,373
189,0,48.52892587720442,40.112656510005365,0.4759574035283165,0,0,62,2007,373
192,0,19.549071485645825,27.913515166053095,0.46588114335138975,0,0,62,2008,373
206,0,60.060612555650174,23.84340021099799,0.3072235407670992,0,0,62,2010,373
202,0,44.889753196885955,30.28902291903576,0.5790545625910165,0,0,62,2012,373
221,0,73.12050736118533,33.49453036317979,0.37404836032612676,0,0,62,2013,373
236,0,63.92725102467613,37.59053278046297,0.6281629820340618,0,0,62,2014,373
225,0,48.54824040661525,43.921133116819085,0.695580735438389,0,0,62,2015,373
208,0,24.316222833236168,36.002004962547446,0.4511404351329812,0,0,62,2016,373
201,0,29.143218867689185,38.29038038667615,0.5898738242342572,0,0,62,2017,373
219,0,52.412855490443604,36.9735836453075,0.6661504915979366,0,0,62,2018,373
99,1,89.02470155043096,26.074913551132877,0.2926188903979766,0,20684,833,2000,346
82,1,79.66893243951671,30,0.22558215915327448,0,20863,833,2001,346
90,1,49.25070264227915,23.221630744320073,0.039621194478404564,0,14558,833,2002,346
68,1,54.39396677658255,34,-0.11363648989700395,0,0,833,2004,346
70,1,56.65781440409782,50.73694687399889,0.4537250750644246,0,0,833,2005,346
73,1,29.77964117775822,31.395658279941685,0.031319350350662495,0,0,833,2006,346
66,1,39.74886705327095,33.1,-0.023527366064904326,0,0,833,2007,346
66,1,41.113272778271245,31.188259965628493,-0.15203269966097707,0,0,833,2008,346
71,1,43.956068312355725,43.85301745506591,-0.09411920785106545,0,0,833,2009,346
56,1,8.581560547704186,44.65862407226386,0.1492257536270265,0,0,833,2010,346
51,1,34.76601188144771,33,-0.10892407528496614,0,0,833,2011,346
63,1,51.80857433367233,38.265488885057906,0.26705307973354764,0,0,833,2012,346
46,1,26.697844414403328,36.78015709477768,0.16412279330548785,0,0,833,2013,346
50,1,37.76039212864359,32.701082752299754,0.13784912839171629,0,0,833,2014,346
57,1,55.30381105668965,43.849449677221834,0.25377736825715846,0,0,833,2015,346
45,1,7.59999990463257,37.94193288865933,0.06595855997211136,0,0,833,2016,346
42,1,60.74710981723527,32.35573374383112,0.030089050893302632,0,0,833,2017,346
39,1,7.59999990463257,28.89321050237689,-0.06042590972808454,0,0,833,2018,346
99,1,80.6501665539614,27.227910509630533,0.51030030993774,0,20684,1474,2000,346
82,1,58.24827482344118,30,0.3089951851700442,0,20863,1474,2001,346
90,1,70.75900133022904,33.91831399609064,0.22374118040477975,0,14558,1474,2002,346
68,1,31.206029801974125,34,0.07149869673878509,0,0,1474,2004,346
70,1,67.01508138904506,27.362058823924468,-0.34184052466211634,0,0,1474,2005,346
73,1,28.666126089698793,43.190177239133476,0.5072690783851347,0,0,1474,2006,346
66,1,56.938235170862704,33.1,-0.10666203024782775,0,0,1474,2007,346
66,1,47.27630926307664,45.99171140501006,0.19312602026344927,0,0,1474,2008,346
71,1,38.596820879184655,40.50365256394299,0.21388804383948154,0,0,1474,2009,346
56,1,56.037013921242604,27.249560080619958,-0.1519520736416419,0,0,1474,2010,346
51,1,52.56124921100688,33,-0.1303299929832801,0,0,1474,2011,346
63,1,92.33947253317741,38.52021684062096,0.19979355556852937,0,0,1474,2012,346
46,1,40.67885385329138,33.06936073809002,-0.08586454412343561,0,0,1474,2013,346
50,1,20.871027541202864,36.441011890864345,0.2085111415394944,0,0,1474,2014,346
57,1,64.83378211769559,35.583753483019514,-0.1123885646736574,0,0,1474,2015,346
45,1,7.59999990463257,42.07386871943001,0.06905652019151876,0,0,1474,2016,346
42,1,62.08385190386478,37.14965003185569,0.12757278379214437,0,0,1474,2017,346
39,1,7.59999990463257,40.74792560710821,0.17844849002419247,0,0,1474,2018,346
15612,1,21.5,44.09706694572837,0.219,0,0,110,1995,70
13552,1,10.660099058626546,41.70207616504833,0.219,0,0,151,1997,70
13656,1,20.217523694090456,51.7,0.219,0,0,154,1998,70
12249,1,39.49371193199552,36.47256820194081,0.219,0,0,154,1999,70
10737,1,19.8999996185303,52.6,0.181,0,0,154,2000,70
10285,1,48.38470859220561,42.96625439351171,0.181,0,0,154,2001,70
10088,1,36.33945616613857,50.1,0.181,0,0,154,2002,70
10087,1,59.774001603709316,38.16027941613351,0.181,0,0,154,2003,70
9329,1,62.30640790266726,50,0.181,0,0,154,2004,70
9921,1,14.3999996185303,50.1,0.181,0,0,154,2005,70
10452,1,1.2938260633942846,48.9,0.181,0,0,154,2006,70
8867,1,37.03744180799584,39.575753020306934,0.181,0,0,154,2007,70
14006,1,39.98268899278614,49.9,0.181,0,0,154,2008,70
19803,1,27.189101692996516,39.16577402994785,0.181,0,0,154,2009,70
25757,1,18.640110510484778,47.2,0.181,0,0,154,2010,70
27213,1,10.820376834724229,42.49864607658537,0.164,0,0,154,2011,70
25967,1,59.67915251516476,48.7,0.182,0,0,154,2012,70
23063,1,20.226129140492244,37.96059778501786,0.173,0,0,154,2013,70
20010,1,11.1000003814697,48.7,0.182,0,0,154,2014,70
20762,1,53.63881807606442,33.96031594560502,0.179,0,0,154,2015,70
24559,1,16,46.3,0.179,0,0,154,2016,70
32079,1,38.614363218004854,33.49261426683661,0.18,0,0,154,2017,70
36685,1,16,45.4,0.187,0,0,154,2018,70
34995,1,51.59438535379999,38.4,0.20473620199995413,0,0,3323,1997,365
33553,1,20.503721943463823,38.1,0.08990821031221696,0,0,3330,1998,365
18188,1,79.86536991790851,41.6,0.037697272574643254,0,0,11991,2008,365
17659,1,56.36375540257054,39.8,0.36330721599119076,0,0,11991,2009,365
16690,1,63.09934701684159,39.5,-0.060019849570254996,0,0,11991,2010,365
16175,1,51.340148738238234,39.7,0.28717344352491253,0,0,11991,2011,365
16247,1,54.80001776360041,40.7,0.16733517964481295,0,0,11991,2012,365
16033,1,34.827501755817494,40.9,0.1763926886773527,0,0,11991,2013,365
16516,1,57.94791489374463,39.9,-0.034856181339485426,0,0,11991,2014,365
16646,1,40.15983281463083,37.7,0.008516958207754777,0,0,11991,2015,365
15864,1,61.63452471019458,36.8,0.113874286964955,0,0,11991,2016,365
13293,1,56.052905285532844,37.2,-0.08582028967255087,0,0,11991,2017,365
11964,1,45.98743042704824,37.5,0.15735960881127056,0,0,11991,2018,365
9304,1,35.20207592980706,24.126754347040084,-0.2442731943319423,0,0,129,1997,770
10246,1,46.37655775612185,33.1,-0.07141507893621532,0,0,135,1998,770
9332,1,45.33824623174327,45.23425786118614,0.3889662377100036,0,0,135,1999,770
8906,1,48.7000007629395,29.838106852120198,-0.16985676623162235,0,0,135,2000,770
9593,1,35.89234134199246,30.4,-0.028230517539339667,0,0,135,2001,770
9466,1,64.50294339593034,34.90389925332878,0.19383117009743545,0,0,135,2002,770
9346,1,19.834653305237012,45.228946049749226,0.3340950509654752,0,0,135,2003,770
9614,1,21.272118794988565,32.5,0.007803036078069647,0,0,135,2004,770
9782,1,47.5,32.7,0.10241988432592845,0,0,135,2005,770
10048,1,19.751795725927238,40.53140525694742,0.2836385940121767,0,0,135,2006,770
831,0,36.82761620052248,31.5,0.31850883172747624,0,0,51,2011,436
788,0,17.023827491528966,34.1445629474268,0.7122980910245081,0,0,51,2012,436
81,0,46.298320957942394,26.420382110024402,0.3098294844575905,0,0,375,2013,404
65,0,82.3000030517578,36.72392845373707,0.4583589875616578,0,0,375,2014,404
48,0,24.44408009237893,35.03494794564772,0.35212260918905386,0,0,375,2015,404
64,0,78.9000015258789,34.02295107015928,0.5528149907775758,0,0,375,2016,404
21,0,43.18374341485203,34.51289174243557,0.40265014079356243,0,81,375,2017,404
895,0,69.19710395679319,39.7672220773869,0.6377368710814909,0,0,68,2007,570
752,0,20.2413510377194,36.6671387436336,0.5494448621036645,0,0,68,2008,570
723,0,35.07133662362711,36.73703954743167,0.7160601983815824,0,0,68,2009,570
764,0,53.7000007629395,34.9726656878433,0.43520161774081345,0,0,68,2010,570
712,0,44.170616144362825,35.94638884805364,0.6208505481265483,0,0,68,2011,570
641,0,21.187644007023028,43.59501479393606,0.4210112052475763,0,0,68,2012,570
658,0,58.303368333534294,31.817377677794557,0.4524225611464784,0,0,68,2013,570
897,0,22.357106640917905,24.510866605137696,0.15743358013892092,0,0,68,2015,570
8153,0,29.214357122607723,41.76935224860207,0.6396321740612558,0,0,1657,2012,530
386,1,22.412294821451894,30.2,0.07918509855248594,0,0,188,2001,703
411,1,46.21154049388511,30.3,0.11792915316463175,0,0,188,2002,703
420,1,67.20235146411676,28.7,-0.012255955124083423,0,0,188,2003,703
419,1,51.23852555315234,34.8,0.0660821886068061,0,0,188,2004,703
491,1,46.25240140082941,32.6,0.11962419110811125,0,0,188,2005,703
446,1,59.94556463963207,37.4,0.29719985359221,0,0,194,2006,703
416,1,52.08281750777106,33.9,0.16365951367105377,0,0,194,2007,703
417,1,38.79492786706813,31.5,0.19488378214138147,0,0,194,2008,703
419,1,51.929137353615474,29.9,-0.10519098320537332,0,0,194,2009,703
909,1,23.536892850344795,30.1,-0.21350649124813345,0,0,194,2010,703
467,1,47.968060156630266,27.8,-0.1706843709791138,0,0,194,2011,703
380,1,43.16189349813428,27.4,-0.012023842529013617,0,0,194,2012,703
301,1,39.61591314575364,28.8,-0.02224574339774199,0,0,194,2013,703
320,1,19.93423600164759,26.8,-0.3256505477253562,0,0,194,2014,703
305,1,46.32213152158064,29,-0.035356733969826554,0,0,194,2015,703
267,1,9.69999980926514,26.8,-0.40119439818897273,0,0,194,2016,703
256,1,55.457606129079366,27.3,-0.2661130320881344,0,0,194,2017,703
138,1,9.69999980926514,27.7,-0.14928739759997103,0,0,194,2018,703
1081,1,24.824086295090577,33.381609816024564,-0.02761494360180583,0,0,331,2001,704
1058,1,35.18623710776601,33,0.08588937460496482,0,0,331,2002,704
963,1,30.935139456596858,35.3,0.10263191529560847,0,0,331,2003,704
910,1,29.50519534585304,33.43208340303837,-0.02912528066030659,0,0,368,2005,704
861,1,60.76771222672757,38.8683871803422,0.07657072794286278,0,0,368,2006,704
815,1,65.66693745940566,40.36343619201236,0.04737586798658902,0,0,368,2007,704
831,1,60.3899572746902,41.40944223606829,0.17691794629785332,0,0,368,2008,704
450,1,58.998635456461315,36.80103300353843,-0.010395716997782078,0,0,369,2014,704
506,1,32.714916209652216,36.77172888249102,0.05905683635908815,0,0,369,2015,704
444,1,52.2000007629395,40.56908274988051,-0.042200134146284346,0,0,369,2016,704
363,1,47.210144532098006,22.643191627228983,0.1626081375334856,0,0,369,2017,704
913,1,97.5,25.403887930031715,0.23575258320916362,121567,22307,385,2016,482
60,1,68.51219003037856,37.948887693847524,-0.1566294901676268,0,0,75,2002,343
70,1,25.755007711132556,34.98622963282316,0.15941824396814913,0,0,75,2003,343
49,1,48.61210163364825,40.99965683640229,0.24630740283868857,0,0,75,2004,343
44,1,44.97661679816506,42.987144530859716,0.18600397375525446,0,0,75,2005,343
46,1,35.72400863471128,35.25418040252367,0.12371895103603926,0,0,75,2006,343
42,1,29.454207260250847,41.145060734867684,0.0018504837042726263,0,0,75,2007,343
35,1,31.153095559486374,27.841603107542134,0.03394672917528552,0,0,75,2008,343
35,1,13.002207102261004,42.8,0.28008042912125475,0,0,75,2009,343
43,1,34.93581052190346,40.2,0.010304628448461972,0,0,75,2010,343
30,1,59.569251604371146,39.4,0.11613968194104321,0,0,75,2011,343
29,1,52.81516785996992,38.1,-0.049980847055542954,0,0,75,2012,343
22,1,46.13029934389458,36.2,0.03714429089174828,0,0,75,2013,343
35,1,40.02280592004594,35.2,0.03147568716066529,0,0,75,2014,343
25,1,33.74191327680907,35.6,-0.04806550535957613,0,0,75,2015,343
19,1,8.30000019073486,34.5,-0.003938702969414454,0,0,75,2016,343
31,1,50.06644650770422,34.2,-0.03782071916557825,0,0,75,2017,343
25,1,8.30000019073486,33,0.03707520678147355,0,0,75,2018,343
16229,1,39.07165664701709,40.4,0.20815151655070172,0,0,174,2002,2
16528,1,71.23854438451646,40.8,0.1525431779182089,0,0,174,2003,2
16148,1,59.580084763170895,40.3,-0.0691887213049556,0,0,174,2004,2
16740,1,20.07983900122026,41,0.057353653904659574,0,0,174,2005,2
17309,1,56.43237985269146,41.4,0.30114121146024325,0,0,174,2006,2
17128,1,22.750455083410422,40.8,0.19736894188092288,0,0,174,2007,2
16465,1,9.110386729897726,40.8,0.02813937234926031,0,0,174,2008,2
15399,1,24.99532624705699,40.6,0.13599661242707253,0,0,174,2009,2
14722,1,46.414869964036704,40,0.15774388999673136,0,0,174,2010,2
14661,1,16.35840469220105,40.9,0.021492425032249823,0,0,174,2011,2
14856,1,17.44377202452139,40.9,0.164956938773652,0,0,174,2012,2
14319,1,34.04183861256912,40.7,-0.02516543046609071,0,0,174,2013,2
14164,1,45.32255884139198,41.5,0.2397253755538989,0,0,174,2014,2
15883,1,44.74954263381317,41.2,0.06752190482851633,0,0,174,2015,2
17413,1,62.40249634284646,41.1,0.18168212063812178,0,0,174,2016,2
17284,1,70.42045852049085,41.2,0.08636999849318629,0,0,174,2017,2
16214,1,18.798545815046012,41.4,0.13743639630750698,0,0,174,2018,2
149,1,37.9000015258789,31.765708290558997,0.10176615324042357,11754,0,165,2018,652
255,1,47.24131684752785,30.685617917287274,-0.053780138447345444,0,0,90,2006,670
265,1,70.1728222749488,43.67246841786305,0.21068674946924248,0,0,92,2007,670
472,1,62.77271758358493,30.691638740913582,-0.079448985143479,0,0,92,2015,670
419,1,36.404287593289354,37.4174956644005,0.1073104707048237,0,0,92,2017,670
1115,1,69.06839330993556,33.76318722715136,0.11639179579512457,0,82,1232,2009,700
983,1,44.09631127381124,40.84702996137128,0.042733165537263446,0,45,1238,2010,700
1231,1,54.19780567031544,32.01112579751096,-0.0037776509061727415,0,35,1260,2011,700
1948,1,3.2738555365989868,33.752904729094546,-0.2097402045167461,0,43,1267,2012,700
3367,1,49.56427441640473,36.57858869385701,-0.05581957782159239,0,49,1295,2015,700
2474,1,70.6999969482422,35.99675966847809,0.02664241850697882,0,4,1411,2018,700
12059,1,42.76536776247639,35.48579231954581,-0.04140862334633458,0,0,608,2008,770
13860,1,65.83515103828381,30.9,0.036449562565122245,0,0,856,2011,770
13937,1,38.97856120144906,30.7,-0.05445749802853972,0,0,1064,2013,770
13276,1,45.5,34.24790350423767,-0.07907564031281986,0,0,1085,2014,770
8235,1,58.36409221326825,39.450730401402254,0.19930592277151213,0,0,1173,2017,770
8241,1,40.0999984741211,31.6,-0.16343834529813597,0,0,1173,2018,770
44162,1,54.9000015258789,39.64810300712072,0.23858851024368027,0,0,74,1990,750
48574,1,34.204133021401965,48.69866715538273,0.2534929451492657,0,0,74,1991,750
49688,1,37.91084277941621,42.94386902711279,0.3465040805614316,0,0,88,1992,750
47947,1,30.641623999794568,31.7,0.20321173885483915,0,0,94,1993,750
46386,1,48.2000007629395,31.801278638451446,0.23764035888708157,0,0,146,1995,750
48167,1,41.5,39.72781861645249,0.4082042784211789,0,0,284,2000,750
45095,1,34.7999992370605,30.82468674176432,0.2930394984047125,0,0,543,2005,750
44961,1,19.642789769917083,31.80743922089211,0.20152053210037033,0,0,553,2006,750
45362,1,15.54000863029006,45.603899426925565,0.5242746153967268,0,0,554,2007,750
45999,1,38.30909825343578,41.438169801409,0.21891958947398485,0,0,561,2008,750
47640,1,34.18987522469827,35.7,0.06092459371984263,0,0,730,2011,750
47478,1,69.13302546837494,33.91485197042421,0.08250559547449182,0,0,734,2012,750
44373,1,34.45285500684415,40.80950649133228,0.1645783026723666,0,0,813,2015,750
42678,1,35.4000015258789,43.69232716365374,0.25802436296124953,0,0,813,2016,750
41832,1,48.219921212120575,33.108172153268946,0.07946753051195186,0,0,813,2017,750
41651,1,35.2000007629395,40.330263037594335,0.3215894149075328,0,0,814,2018,750
1041,1,31.811362400351157,34.863569795844946,0.07886673253437888,0,0,30,2000,775
916,1,19.70875285418339,34.99884274215711,0.19644083396419412,0,0,30,2001,775
814,1,54.653661969745826,30.741376691342847,-0.007108101787161036,0,0,30,2002,775
764,1,71.07887534791895,38.352493118669805,0.07818959294005161,0,0,39,2003,775
743,1,31.209810912133364,42.69335636319198,-0.03841279727060551,0,0,41,2004,775
676,1,45.5999984741211,36.65550977797717,0.07554696656118214,0,0,41,2005,775
777,1,43.85818245166019,27.811506855592278,0.10970195590672807,0,0,41,2006,775
749,1,50.928049052235316,28.818807312518835,-0.08581997751355194,0,0,41,2007,775
791,1,53.47905026905606,35.9848744164737,-0.047658526042669985,0,0,41,2008,775
879,1,34.33073794567049,41.76732368546494,0.2971936539431386,0,0,53,2009,775
801,1,50.478158042462745,28.149713906098278,-0.2374584366305538,0,0,53,2010,775
1055,1,41.81213128193413,33.53089219094362,-0.11057939888176124,0,0,54,2011,775
1436,1,42.669058973300906,34.74767996521638,-0.07617979838023861,0,0,54,2012,775
1238,1,41.163178221589114,27.09944001496136,0.07383431419061234,0,0,54,2013,775
1230,1,41,39.05574898995744,0.27497170068586513,0,0,54,2014,775
1152,1,46.130532514156755,38.1,0.48872630254128724,0,0,55,2015,775
1198,1,56.5999984741211,39.312338714211016,0.24167255523955988,0,0,55,2016,775
64201,0,53.9000015258789,37.07440072080887,0.8847975776540461,0,0,64,2016,475
183,1,72.0274012893341,38.338578139979575,0.1851786282418369,149450,0,1204,2008,660
145,1,74.46209875530178,33.57588756555629,0.15601812341315174,147225,0,1204,2009,660
163,1,68.902805871499055,40.83386432074183,0.1951254573874107,141080,0,1204,2010,660
168,1,66.44288155633096,31.8,-0.023187163327924837,144641,0,1204,2011,660
194,1,79.3476184648396,43.34551847132202,0.1606451719042766,139971,0,1204,2012,660
236,1,81.43409194612295,28.311217556789586,0.016748873968926242,129139,0,1204,2013,660
240,1,53.0999984741211,37.76513957888771,0.009419102325155693,113330,0,1204,2014,660
231,1,52.714933362475705,31.306635475629705,0.08393926631680168,125553,0,1206,2015,660
235,1,77.1682029170559,34.42126551499985,0.03873752819897955,126859,0,1206,2016,660
246,1,59.654189778141316,33.97099915210001,0.11146406440134808,116123,0,1206,2017,660
171,1,61.0999984741211,34.91555739344142,0.1497209150981206,125723,0,1206,2018,660
135,1,38.13615368225449,41.1,0.22979918424992843,0,0,236,2007,666
120,1,59.22707748434515,36.5794992181152,0.17298657457882874,0,0,236,2008,666
144,1,35.20294809996082,39.93758442602689,0.021114648800832525,0,0,236,2009,666
150,1,39.600101371943374,42.5,0.18990908497520298,0,0,236,2010,666
147,1,47.54255865859934,49.891840500965515,0.3316940797610789,0,0,236,2011,666
128,1,25.65218642973852,41.3,0.3562725059334187,0,0,236,2012,666
127,1,35.82280561874333,40.199123784387545,0.08545005279427487,0,0,236,2013,666
108,1,38.11840634711372,39.8,0.11431012991588639,0,0,236,2014,666
110,1,52.635612407472976,38.80727284733618,0.11000945557609829,0,0,236,2015,666
104,1,58.7235848545581,39,0.18770191849144596,0,0,236,2016,666
123,1,53.87983032514977,37.49881577061572,0.0934746736715357,0,0,236,2017,666
831,1,48.5388129156757,31.5,0.02766964598348376,0,0,252,2011,436
788,1,34.457452174946965,33.395994661672525,0.12918032833941379,0,0,252,2012,436
15864,1,19.519285626159327,36.8,0.29944067182148637,0,0,2817,2016,365
13293,1,0.2347289442140763,37.2,-0.08873202438548097,0,0,2817,2017,365
11964,1,28.109603691110348,37.5,-0.025681643066147508,0,0,2819,2018,365
45824,1,53.88245032608173,35.4,0.20181661940595635,0,0,56,2009,750
46460,1,29.3999996185303,47.38569087643732,0.5366420137116132,0,0,60,2010,750
47640,1,7.747262803973953,35.7,0.31713343217386564,0,0,61,2011,750
47478,1,30.61081598512596,38.91732084187381,0.1449367343028431,0,0,61,2012,750
45878,1,42.31553847544333,32.15769632247676,0.09221461348749625,0,0,61,2013,750
47356,1,24,36.72314019465382,0.1591083428716018,0,0,61,2014,750
44373,1,4.360564037071718,37.61655544858147,0.07556023374955667,0,0,61,2015,750
42678,1,35.4000015258789,41.392451676817856,0.1702833701349717,0,0,61,2016,750
41832,1,37.763063079926525,42.30998260579977,0.5376374690665309,0,0,61,2017,750
41651,1,35.2000007629395,41.30200895008402,0.2630581996354584,0,0,61,2018,750
801,1,43.59866327034941,28.062552438769117,-0.12191516616797624,0,0,78,2010,775
1055,1,51.72472435121869,30.418667768960287,0.009188534529027487,0,0,78,2011,775
1436,1,33.44604906922655,32.48264755991174,0.11951577925388622,0,0,78,2012,775
1238,1,47.49247443406334,29.315022517578136,0.049124001287488145,0,0,78,2013,775
1230,1,41,42.03244238557386,0.46827810098774814,0,0,85,2014,775
1198,1,56.5999984741211,33.57038044248114,-0.02198524523907519,0,0,386,2016,775
3863,1,31.82337730446224,43.02637247368142,0.047196187342057355,0,0,190,2007,771
4099,1,40.832524258619046,45.85990083340179,0.73690226028101935,0,0,200,2008,771
4219,1,27.213743188377794,41.3662905933345,0.0032897152650294414,0,0,201,2009,771
3988,1,61.5999984741211,32.1,0.10519570089674563,0,0,202,2010,771
3966,1,30.372651877340147,31.89526644994121,-0.07831772216455388,0,0,202,2011,771
4114,1,43.069152628226966,23.487914567361862,-0.1996948213971458,0,0,202,2012,771
4393,1,43.68531124362724,30.505772899780588,0.07828395531871421,0,0,202,2013,771
4514,1,55.0999984741211,32.485110656996355,0.004859901517188292,0,0,202,2014,771
4035,1,23.225168609309982,33.09620219486519,-0.04303181594137345,0,0,202,2015,771
3591,1,49.4000015258789,32.4,0.30928915581431515,0,0,202,2016,771
3549,1,31.68903866764155,36.42761161147902,0.04293868781569801,0,0,202,2017,771
3830,1,47.2000007629395,35.54764292844193,-0.1431586162970445,0,0,202,2018,771
149,1,37.9000015258789,33.37709217790887,-0.015333660544679856,11754,0,253,2018,652
2751,1,67.68894062305802,26,-0.15711048300672223,0,0,220,2017,369
341,1,61.89496893399699,34.49239068538282,0.10032093817944854,0,0,368,2017,471
235,0,69.91871464886316,35.3185835463211,0.7392426822982539,126859,0,218,2016,660
171,0,61.0999984741211,37.67053026260901,0.9571329040920638,125723,0,290,2018,660
